wall_time_s,rx_time_ns,topic,type,msg_size_bytes,inst_freq_hz,inst_bandwidth_Bps,latency_ms,estimated_missed_total
1770766534.456090,1770766534456067218,/rosout,rcl_interfaces/msg/Log,352,0.000,0.000,0.932,0
1770766537.549685,1770766537549664530,/scan,sensor_msgs/msg/LaserScan,5184,0.000,0.000,627805.393,0
1770766537.591964,1770766537591919062,/scan,sensor_msgs/msg/LaserScan,5184,23.666,122685.065,627814.246,0
1770766537.646176,1770766537646136432,/scan,sensor_msgs/msg/LaserScan,5184,18.444,95615.114,627835.199,0
1770766537.659663,1770766537659639823,/scan,sensor_msgs/msg/LaserScan,5184,74.055,383903.569,627815.369,0
1770766537.683109,1770766537683082108,/scan,sensor_msgs/msg/LaserScan,5184,42.658,221138.852,627805.440,0
1770766537.730606,1770766537730577515,/scan,sensor_msgs/msg/LaserScan,5184,21.055,109147.396,627819.617,0
1770766537.764582,1770766537764540425,/scan,sensor_msgs/msg/LaserScan,5184,29.444,152637.097,627820.251,0
1770766537.785868,1770766537785850269,/scan,sensor_msgs/msg/LaserScan,5184,46.927,243267.853,627808.230,0
1770766537.829853,1770766537829819224,/scan,sensor_msgs/msg/LaserScan,5184,22.743,117901.369,627818.853,0
1770766537.855824,1770766537855784433,/scan,sensor_msgs/msg/LaserScan,5184,38.513,199651.772,627811.491,0
1770766537.898938,1770766537898918277,/scan,sensor_msgs/msg/LaserScan,5184,23.184,120184.049,627821.304,0
1770766537.927910,1770766537927877386,/scan,sensor_msgs/msg/LaserScan,5184,34.531,179011.032,627816.935,0
1770766537.954487,1770766537954463135,/scan,sensor_msgs/msg/LaserScan,5184,37.614,194991.685,627810.188,0
1770766537.994491,1770766537994472021,/scan,sensor_msgs/msg/LaserScan,5184,24.994,129571.216,627816.865,0
1770766538.022502,1770766538022480350,/scan,sensor_msgs/msg/LaserScan,5184,35.704,185087.800,627811.529,0
1770766538.064083,1770766538064066415,/scan,sensor_msgs/msg/LaserScan,5184,24.047,124657.142,627819.796,0
1770766538.098752,1770766538098729927,/scan,sensor_msgs/msg/LaserScan,5184,28.849,149552.071,627821.119,0
1770766538.125573,1770766538125554415,/scan,sensor_msgs/msg/LaserScan,5184,37.279,193256.252,627814.488,0
1770766538.164980,1770766538164948565,/scan,sensor_msgs/msg/LaserScan,5184,25.384,131593.143,627820.680,0
1770766538.186936,1770766538186895203,/scan,sensor_msgs/msg/LaserScan,5184,45.565,236209.300,627809.264,0
1770766538.232223,1770766538232205651,/scan,sensor_msgs/msg/LaserScan,5184,22.070,114410.698,627821.259,0
1770766538.267164,1770766538267138735,/scan,sensor_msgs/msg/LaserScan,5184,28.626,148398.006,627822.846,0
1770766538.291079,1770766538291061236,/scan,sensor_msgs/msg/LaserScan,5184,41.802,216699.751,627813.453,0
1770766538.334991,1770766538334969921,/scan,sensor_msgs/msg/LaserScan,5184,22.775,118063.203,627824.026,0
1770766538.374357,1770766538374267857,/scan,sensor_msgs/msg/LaserScan,5184,25.447,131915.325,627829.989,0
1770766538.393665,1770766538393642759,/scan,sensor_msgs/msg/LaserScan,5184,51.613,267562.644,627816.030,0
1770766538.438079,1770766538438033874,/scan,sensor_msgs/msg/LaserScan,5184,22.527,116780.126,627827.049,0
1770766538.464183,1770766538464165424,/scan,sensor_msgs/msg/LaserScan,5184,38.268,198380.884,627819.879,0
1770766538.516177,1770766538516136430,/scan,sensor_msgs/msg/LaserScan,5184,19.241,99747.925,627838.528,0
1770766538.523109,1770766538523074963,/scan,sensor_msgs/msg/LaserScan,5184,144.123,747131.995,627812.062,0
1770766538.564346,1770766538564261745,/scan,sensor_msgs/msg/LaserScan,5184,24.280,125865.624,627819.979,0
1770766538.615381,1770766538615356498,/scan,sensor_msgs/msg/LaserScan,5184,19.571,101458.559,627837.733,0
1770766538.629080,1770766538629054592,/scan,sensor_msgs/msg/LaserScan,5184,73.003,378446.812,627818.099,0
1770766538.681579,1770766538681537041,/scan,sensor_msgs/msg/LaserScan,5184,19.054,98775.878,627837.261,0
1770766538.697986,1770766538697946119,/scan,sensor_msgs/msg/LaserScan,5184,60.942,315922.686,627820.339,0
1770766538.729725,1770766538729677088,/scan,sensor_msgs/msg/LaserScan,5184,31.515,163373.517,627818.689,0
1770766538.784122,1770766538784094391,/scan,sensor_msgs/msg/LaserScan,5184,18.377,95263.817,627839.814,0
1770766538.790896,1770766538790856556,/scan,sensor_msgs/msg/LaserScan,5184,147.882,766618.383,627813.245,0
1770766538.840904,1770766538840885547,/scan,sensor_msgs/msg/LaserScan,5184,19.988,103619.919,627829.935,0
1770766538.889073,1770766538889056073,/scan,sensor_msgs/msg/LaserScan,5184,20.760,107617.675,627844.769,0
1770766538.896981,1770766538896961935,/scan,sensor_msgs/msg/LaserScan,5184,126.488,655715.974,627819.352,0
1770766538.951704,1770766538951687626,/scan,sensor_msgs/msg/LaserScan,5184,18.273,94726.990,627840.740,0
1770766538.965756,1770766538965730177,/scan,sensor_msgs/msg/LaserScan,5184,71.212,369163.694,627821.450,0
1770766539.001601,1770766539001582982,/scan,sensor_msgs/msg/LaserScan,5184,27.892,144591.197,627823.962,0
1770766539.053974,1770766539053933823,/scan,sensor_msgs/msg/LaserScan,5184,19.102,99024.197,627842.986,0
1770766539.068694,1770766539068654164,/scan,sensor_msgs/msg/LaserScan,5184,67.933,352165.755,627824.373,0
1770766539.096215,1770766539096175576,/scan,sensor_msgs/msg/LaserScan,5184,36.335,188362.428,627818.566,0
1770766539.145439,1770766539145396897,/scan,sensor_msgs/msg/LaserScan,5184,20.316,105320.213,627834.451,0
1770766539.158813,1770766539158771387,/scan,sensor_msgs/msg/LaserScan,5184,74.769,387603.565,627814.496,0
1770766539.224818,1770766539224772505,/scan,sensor_msgs/msg/LaserScan,5184,15.151,78544.124,627847.152,1
1770766539.240994,1770766539240977245,/scan,sensor_msgs/msg/LaserScan,5184,61.710,319906.398,627829.958,1
1770766539.278724,1770766539278679630,/scan,sensor_msgs/msg/LaserScan,5184,26.524,137497.933,627834.395,1
1770766539.314802,1770766539314760199,/scan,sensor_msgs/msg/LaserScan,5184,27.716,143678.444,627837.155,1
1770766539.346535,1770766539346496061,/scan,sensor_msgs/msg/LaserScan,5184,31.510,163348.328,627835.560,1
1770766539.381258,1770766539381236418,/scan,sensor_msgs/msg/LaserScan,5184,28.785,149221.264,627836.962,1
1770766539.411317,1770766539411272834,/scan,sensor_msgs/msg/LaserScan,5184,33.293,172590.498,627833.672,1
1770766539.446592,1770766539446560018,/scan,sensor_msgs/msg/LaserScan,5184,28.339,146908.861,627835.617,1
1770766539.493899,1770766539493866549,/scan,sensor_msgs/msg/LaserScan,5184,21.139,109583.178,627849.588,1
1770766539.510795,1770766539510765007,/scan,sensor_msgs/msg/LaserScan,5184,59.177,306773.553,627833.153,1
1770766539.549375,1770766539549271652,/scan,sensor_msgs/msg/LaserScan,5184,25.970,134626.115,627838.285,1
1770766539.583415,1770766539583374726,/scan,sensor_msgs/msg/LaserScan,5184,29.323,152009.757,627839.094,1
1770766539.617923,1770766539617904122,/scan,sensor_msgs/msg/LaserScan,5184,28.961,150132.948,627840.294,1
1770766539.656245,1770766539656228769,/scan,sensor_msgs/msg/LaserScan,5184,26.093,135265.434,627845.290,1
1770766539.681140,1770766539681100248,/scan,sensor_msgs/msg/LaserScan,5184,40.207,208431.513,627836.832,1
1770766539.716325,1770766539716274679,/scan,sensor_msgs/msg/LaserScan,5184,28.430,147379.783,627838.674,1
1770766539.749200,1770766539749181956,/scan,sensor_msgs/msg/LaserScan,5184,30.388,157533.545,627838.184,1
1770766539.784520,1770766539784503666,/scan,sensor_msgs/msg/LaserScan,5184,28.311,146765.261,627840.230,1
1770766539.822242,1770766539822208704,/scan,sensor_msgs/msg/LaserScan,5184,26.522,137488.258,627844.604,1
1770766539.853041,1770766539853027293,/scan,sensor_msgs/msg/LaserScan,5184,32.448,168210.167,627842.052,1
1770766539.886904,1770766539886887360,/scan,sensor_msgs/msg/LaserScan,5184,29.533,153100.701,627842.596,1
1770766539.925014,1770766539924995159,/scan,sensor_msgs/msg/LaserScan,5184,26.241,136035.146,627847.389,1
1770766539.950964,1770766539950936047,/scan,sensor_msgs/msg/LaserScan,5184,38.549,199838.957,627839.996,1
1770766539.988349,1770766539988267290,/scan,sensor_msgs/msg/LaserScan,5184,26.787,138864.918,627844.000,1
1770766540.018044,1770766540018026840,/scan,sensor_msgs/msg/LaserScan,5184,33.603,174196.182,627840.419,1
1770766540.065771,1770766540065731943,/scan,sensor_msgs/msg/LaserScan,5184,20.962,108667.620,627854.715,1
1770766540.094480,1770766540094463743,/scan,sensor_msgs/msg/LaserScan,5184,34.805,180427.262,627850.192,1
1770766540.116482,1770766540116459213,/scan,sensor_msgs/msg/LaserScan,5184,45.464,235684.893,627838.807,1
1770766540.166634,1770766540166595661,/scan,sensor_msgs/msg/LaserScan,5184,19.946,103397.831,627855.647,1
1770766540.193696,1770766540193663457,/scan,sensor_msgs/msg/LaserScan,5184,36.944,191519.103,627849.362,1
1770766540.264466,1770766540264436750,/scan,sensor_msgs/msg/LaserScan,5184,14.130,73247.969,627886.811,2
1770766540.301766,1770766540301736488,/scan,sensor_msgs/msg/LaserScan,5184,26.810,138982.209,627890.795,2
1770766540.340343,1770766540340319009,/scan,sensor_msgs/msg/LaserScan,5184,25.918,134361.360,627896.016,2
1770766540.365661,1770766540365639824,/scan,sensor_msgs/msg/LaserScan,5184,39.493,204732.747,627888.009,2
1770766540.395492,1770766540395451021,/scan,sensor_msgs/msg/LaserScan,5184,33.544,173894.393,627884.488,2
1770766540.421499,1770766540421473535,/scan,sensor_msgs/msg/LaserScan,5184,38.428,199212.113,627877.158,2
1770766540.437832,1770766540437790202,/scan,sensor_msgs/msg/LaserScan,5184,61.287,317711.944,627860.174,2
1770766540.462917,1770766540462877257,/scan,sensor_msgs/msg/LaserScan,5184,39.861,206640.437,627818.608,2
1770766540.510905,1770766540510866215,/scan,sensor_msgs/msg/LaserScan,5184,20.838,108024.850,627799.910,2
1770766540.530789,1770766540530769486,/scan,sensor_msgs/msg/LaserScan,5184,50.243,260459.700,627786.482,2
1770766540.573663,1770766540573626064,/scan,sensor_msgs/msg/LaserScan,5184,23.334,120961.594,627796.006,2
1770766540.590496,1770766540590457385,/scan,sensor_msgs/msg/LaserScan,5184,59.413,307997.215,627779.506,2
1770766540.631638,1770766540631599033,/scan,sensor_msgs/msg/LaserScan,5184,24.306,126003.703,627787.325,2
1770766540.688280,1770766540688254075,/scan,sensor_msgs/msg/LaserScan,5184,17.651,91501.124,627810.650,2
1770766540.699530,1770766540699512679,/scan,sensor_msgs/msg/LaserScan,5184,88.821,460447.849,627788.570,2
1770766540.746892,1770766540746873504,/scan,sensor_msgs/msg/LaserScan,5184,21.114,109457.553,627802.593,2
1770766540.784979,1770766540784958338,/scan,sensor_msgs/msg/LaserScan,5184,26.257,136117.175,627807.350,2
1770766540.799430,1770766540799417512,/scan,sensor_msgs/msg/LaserScan,5184,69.160,358526.704,627788.467,2
1770766540.840862,1770766540840822267,/scan,sensor_msgs/msg/LaserScan,5184,24.152,125203.011,627796.546,2
1770766540.889325,1770766540889258624,/scan,sensor_msgs/msg/LaserScan,5184,20.646,107027.042,627811.637,2
1770766540.902628,1770766540902588514,/scan,sensor_msgs/msg/LaserScan,5184,75.019,388900.434,627791.644,2
1770766540.946663,1770766540946643701,/scan,sensor_msgs/msg/LaserScan,5184,22.699,117670.593,627802.372,2
1770766540.959573,1770766540959557449,/scan,sensor_msgs/msg/LaserScan,5184,77.437,401432.644,627781.938,2
1770766541.014053,1770766541014015120,/scan,sensor_msgs/msg/LaserScan,5184,18.363,95193.201,627803.062,2
1770766541.019045,1770766541019005635,/scan,sensor_msgs/msg/LaserScan,5184,200.380,1038770.548,627774.725,2
1770766541.084404,1770766541084361382,/scan,sensor_msgs/msg/LaserScan,5184,15.301,79319.727,627806.758,3
1770766541.104608,1770766541104567405,/scan,sensor_msgs/msg/LaserScan,5184,49.490,256557.166,627793.626,3
1770766541.151123,1770766541151102327,/scan,sensor_msgs/msg/LaserScan,5184,21.489,111400.208,627806.834,3
1770766541.177195,1770766541177172135,/scan,sensor_msgs/msg/LaserScan,5184,38.359,198850.717,627799.568,3
1770766541.215331,1770766541215312388,/scan,sensor_msgs/msg/LaserScan,5184,26.219,135919.392,627804.367,3
1770766541.243742,1770766541243716496,/scan,sensor_msgs/msg/LaserScan,5184,35.206,182508.812,627799.426,3
1770766541.285629,1770766541285612982,/scan,sensor_msgs/msg/LaserScan,5184,23.868,123733.527,627807.997,3
1770766541.322006,1770766541321966371,/scan,sensor_msgs/msg/LaserScan,5184,27.508,142600.185,627811.013,3
1770766541.346573,1770766541346555876,/scan,sensor_msgs/msg/LaserScan,5184,40.668,210821.649,627802.278,3
1770766541.384448,1770766541384421751,/scan,sensor_msgs/msg/LaserScan,5184,26.409,136904.271,627806.808,3
1770766541.419623,1770766541419604328,/scan,sensor_msgs/msg/LaserScan,5184,28.423,147345.659,627808.669,3
1770766541.457006,1770766541456993090,/scan,sensor_msgs/msg/LaserScan,5184,26.746,138651.288,627812.716,3
1770766541.486689,1770766541486659569,/scan,sensor_msgs/msg/LaserScan,5184,33.708,174742.678,627809.054,3
1770766541.522908,1770766541522885621,/scan,sensor_msgs/msg/LaserScan,5184,27.604,143101.434,627811.946,3
1770766541.565689,1770766541565667381,/scan,sensor_msgs/msg/LaserScan,5184,23.374,121173.135,627821.270,3
1770766541.589342,1770766541589325024,/scan,sensor_msgs/msg/LaserScan,5184,42.270,219125.802,627811.720,3
1770766541.623905,1770766541623863568,/scan,sensor_msgs/msg/LaserScan,5184,28.953,150093.183,627812.929,3
1770766541.665076,1770766541665052371,/scan,sensor_msgs/msg/LaserScan,5184,24.278,125859.448,627820.779,3
1770766541.729090,1770766541729051792,/scan,sensor_msgs/msg/LaserScan,5184,15.625,81000.733,627851.431,3
1770766541.753122,1770766541753082343,/scan,sensor_msgs/msg/LaserScan,5184,41.614,215725.391,627842.132,3
1770766541.774088,1770766541774049332,/scan,sensor_msgs/msg/LaserScan,5184,47.694,247245.801,627829.753,3
1770766541.802454,1770766541802414986,/scan,sensor_msgs/msg/LaserScan,5184,35.254,182756.230,627824.770,3
1770766541.850937,1770766541850916864,/scan,sensor_msgs/msg/LaserScan,5184,20.618,106882.459,627839.968,3
1770766541.862216,1770766541862177054,/scan,sensor_msgs/msg/LaserScan,5184,88.808,460382.995,627817.880,3
1770766541.906826,1770766541906808103,/scan,sensor_msgs/msg/LaserScan,5184,22.406,116152.323,627829.208,3
1770766541.929589,1770766541929550117,/scan,sensor_msgs/msg/LaserScan,5184,43.971,227948.149,627818.611,3
1770766541.960455,1770766541960414615,/scan,sensor_msgs/msg/LaserScan,5184,32.400,167959.965,627816.137,3
1770766542.000110,1770766542000069648,/scan,sensor_msgs/msg/LaserScan,5184,25.217,130727.416,627822.461,3
1770766542.024575,1770766542024535542,/scan,sensor_msgs/msg/LaserScan,5184,40.873,211886.800,627813.584,3
1770766542.077405,1770766542077386895,/scan,sensor_msgs/msg/LaserScan,5184,18.921,98086.420,627833.101,3
1770766542.111567,1770766542111545883,/scan,sensor_msgs/msg/LaserScan,5184,29.275,151760.936,627833.935,3
1770766542.129982,1770766542129970809,/scan,sensor_msgs/msg/LaserScan,5184,54.274,281357.982,627819.010,3
1770766542.185086,1770766542185064760,/scan,sensor_msgs/msg/LaserScan,5184,18.151,94093.814,627840.791,3
1770766542.199233,1770766542199216603,/scan,sensor_msgs/msg/LaserScan,5184,70.662,366312.713,627821.603,3
1770766542.247132,1770766542247105419,/scan,sensor_msgs/msg/LaserScan,5184,20.882,108250.745,627836.100,3
1770766542.269648,1770766542269618668,/scan,sensor_msgs/msg/LaserScan,5184,44.418,230264.410,627825.323,3
1770766542.306720,1770766542306679511,/scan,sensor_msgs/msg/LaserScan,5184,26.983,139878.092,627829.063,3
1770766542.347481,1770766542347440654,/scan,sensor_msgs/msg/LaserScan,5184,24.533,127179.947,627836.467,3
1770766542.375151,1770766542375110248,/scan,sensor_msgs/msg/LaserScan,5184,36.141,187353.671,627830.820,3
1770766542.383549,1770766542383510033,/scan,sensor_msgs/msg/LaserScan,5184,119.051,617158.653,627805.906,3
1770766542.456798,1770766542456776536,/scan,sensor_msgs/msg/LaserScan,5184,13.649,70755.390,627845.830,4
1770766542.461184,1770766542461145218,/scan,sensor_msgs/msg/LaserScan,5184,228.902,1186627.912,627816.861,4
1770766542.515364,1770766542515323894,/scan,sensor_msgs/msg/LaserScan,5184,18.457,95683.401,627837.698,4
1770766542.581360,1770766542581340102,/scan,sensor_msgs/msg/LaserScan,5184,15.148,78526.170,627837.055,5
1770766542.609924,1770766542609894675,/scan,sensor_msgs/msg/LaserScan,5184,35.021,181547.103,627832.283,5
1770766542.646962,1770766542646920884,/scan,sensor_msgs/msg/LaserScan,5184,27.008,140008.933,627835.971,5
1770766542.684000,1770766542683982159,/scan,sensor_msgs/msg/LaserScan,5184,26.982,139876.461,627839.688,5
1770766542.712225,1770766542712205193,/scan,sensor_msgs/msg/LaserScan,5184,35.432,183679.756,627834.599,5
1770766542.750215,1770766542750177223,/scan,sensor_msgs/msg/LaserScan,5184,26.335,136521.540,627839.237,5
1770766542.772247,1770766542772219729,/scan,sensor_msgs/msg/LaserScan,5184,45.367,235181.971,627827.926,5
1770766542.814051,1770766542814011344,/scan,sensor_msgs/msg/LaserScan,5184,23.928,124044.022,627836.400,5
1770766542.846023,1770766542846006272,/scan,sensor_msgs/msg/LaserScan,5184,31.255,162025.681,627835.059,5
1770766542.883691,1770766542883650442,/scan,sensor_msgs/msg/LaserScan,5184,26.565,137710.567,627839.374,5
1770766542.917924,1770766542917899829,/scan,sensor_msgs/msg/LaserScan,5184,29.198,151360.373,627840.279,5
1770766542.947253,1770766542947233458,/scan,sensor_msgs/msg/LaserScan,5184,34.091,176725.491,627836.296,5
1770766542.982515,1770766542982475009,/scan,sensor_msgs/msg/LaserScan,5184,28.376,147099.088,627838.204,5
1770766543.016150,1770766543016110825,/scan,sensor_msgs/msg/LaserScan,5184,29.730,154121.428,627838.508,5
1770766543.049788,1770766543049747891,/scan,sensor_msgs/msg/LaserScan,5184,29.729,154115.701,627838.803,5
1770766543.086790,1770766543086749636,/scan,sensor_msgs/msg/LaserScan,5184,27.026,140101.501,627842.401,5
1770766543.118259,1770766543118241365,/scan,sensor_msgs/msg/LaserScan,5184,31.754,164614.652,627840.631,5
1770766543.150044,1770766543150005636,/scan,sensor_msgs/msg/LaserScan,5184,31.482,163202.234,627839.071,5
1770766543.189207,1770766543189168250,/scan,sensor_msgs/msg/LaserScan,5184,25.535,132371.144,627844.886,5
1770766543.223715,1770766543223675363,/scan,sensor_msgs/msg/LaserScan,5184,28.980,150229.896,627846.054,5
1770766543.246437,1770766543246419058,/scan,sensor_msgs/msg/LaserScan,5184,43.968,227931.301,627835.463,5
1770766543.284415,1770766543284395833,/scan,sensor_msgs/msg/LaserScan,5184,26.332,136504.482,627840.081,5
1770766543.313538,1770766543313498220,/scan,sensor_msgs/msg/LaserScan,5184,34.361,178129.718,627835.882,5
1770766543.353884,1770766543353865896,/scan,sensor_msgs/msg/LaserScan,5184,24.772,128419.580,627842.917,5
1770766543.389169,1770766543389148700,/scan,sensor_msgs/msg/LaserScan,5184,28.342,146927.098,627844.879,5
1770766543.417932,1770766543417908086,/scan,sensor_msgs/msg/LaserScan,5184,34.771,180254.196,627840.307,5
1770766543.456947,1770766543456928265,/scan,sensor_msgs/msg/LaserScan,5184,25.628,132854.337,627845.958,5
1770766543.487103,1770766543487066688,/scan,sensor_msgs/msg/LaserScan,5184,33.180,172006.346,627842.708,5
1770766543.518545,1770766543518507705,/scan,sensor_msgs/msg/LaserScan,5184,31.806,164880.163,627840.826,5
1770766543.566088,1770766543566047158,/scan,sensor_msgs/msg/LaserScan,5184,21.035,109046.269,627855.036,5
1770766543.594225,1770766543594205159,/scan,sensor_msgs/msg/LaserScan,5184,35.514,184103.978,627849.854,5
1770766543.633380,1770766543633360159,/scan,sensor_msgs/msg/LaserScan,5184,25.540,132396.884,627855.656,5
1770766543.654482,1770766543654461092,/scan,sensor_msgs/msg/LaserScan,5184,47.391,245676.340,627843.441,5
1770766543.700876,1770766543700837322,/scan,sensor_msgs/msg/LaserScan,5184,21.563,111781.402,627856.488,5
1770766543.723248,1770766543723229410,/scan,sensor_msgs/msg/LaserScan,5184,44.659,231510.344,627845.546,5
1770766543.764714,1770766543764684151,/scan,sensor_msgs/msg/LaserScan,5184,24.123,125052.042,627853.614,5
1770766543.815925,1770766543815885776,/scan,sensor_msgs/msg/LaserScan,5184,19.531,101246.787,627871.540,5
1770766543.830813,1770766543830775448,/scan,sensor_msgs/msg/LaserScan,5184,67.161,348160.792,627853.087,5
1770766543.873867,1770766543873850978,/scan,sensor_msgs/msg/LaserScan,5184,23.215,120346.749,627829.485,5
1770766543.917188,1770766543917166243,/scan,sensor_msgs/msg/LaserScan,5184,23.087,119680.671,627839.466,5
1770766543.926521,1770766543926480384,/scan,sensor_msgs/msg/LaserScan,5184,107.364,556573.065,627815.461,5
1770766543.984207,1770766543984187940,/scan,sensor_msgs/msg/LaserScan,5184,17.329,89832.257,627839.828,5
1770766543.992372,1770766543992354933,/scan,sensor_msgs/msg/LaserScan,5184,122.444,634750.146,627814.662,5
1770766544.047321,1770766544047278080,/scan,sensor_msgs/msg/LaserScan,5184,18.207,94386.434,627836.248,5
1770766544.094938,1770766544094915345,/scan,sensor_msgs/msg/LaserScan,5184,20.992,108822.368,627850.527,5
1770766544.111716,1770766544111673461,/scan,sensor_msgs/msg/LaserScan,5184,59.673,309342.649,627833.980,5
1770766544.149588,1770766544149563888,/scan,sensor_msgs/msg/LaserScan,5184,26.392,136815.560,627838.529,5
1770766544.178856,1770766544178839452,/scan,sensor_msgs/msg/LaserScan,5184,34.158,177076.008,627834.466,5
1770766544.218872,1770766544218854642,/scan,sensor_msgs/msg/LaserScan,5184,24.991,129550.803,627841.152,5
1770766544.250494,1770766544250476115,/scan,sensor_msgs/msg/LaserScan,5184,31.624,163939.232,627839.440,5
1770766544.287934,1770766544287915425,/scan,sensor_msgs/msg/LaserScan,5184,26.710,138464.090,627843.518,5
1770766544.322706,1770766544322673685,/scan,sensor_msgs/msg/LaserScan,5184,28.770,149144.405,627844.980,5
1770766544.357674,1770766544357631714,/scan,sensor_msgs/msg/LaserScan,5184,28.606,148292.113,627846.612,5
1770766544.384987,1770766544384966282,/scan,sensor_msgs/msg/LaserScan,5184,36.584,189649.970,627840.620,5
1770766544.422220,1770766544422188662,/scan,sensor_msgs/msg/LaserScan,5184,26.866,139271.051,627844.512,5
1770766544.455561,1770766544455538023,/scan,sensor_msgs/msg/LaserScan,5184,29.986,155445.257,627844.510,5
1770766544.491917,1770766544491875859,/scan,sensor_msgs/msg/LaserScan,5184,27.520,142661.220,627847.533,5
1770766544.520345,1770766544520302769,/scan,sensor_msgs/msg/LaserScan,5184,35.178,182362.416,627842.627,5
1770766544.557695,1770766544557654589,/scan,sensor_msgs/msg/LaserScan,5184,26.772,138788.418,627846.642,5
1770766544.599262,1770766544599220061,/scan,sensor_msgs/msg/LaserScan,5184,24.058,124718.901,627854.862,5
1770766544.624494,1770766544624460611,/scan,sensor_msgs/msg/LaserScan,5184,39.619,205383.797,627846.784,5
1770766544.667188,1770766544667147049,/scan,sensor_msgs/msg/LaserScan,5184,23.427,121443.724,627856.136,5
1770766544.707715,1770766544707698167,/scan,sensor_msgs/msg/LaserScan,5184,24.660,127838.646,627863.345,5
1770766544.726371,1770766544726330444,/scan,sensor_msgs/msg/LaserScan,5184,53.670,278226.864,627848.655,5
1770766544.766529,1770766544766488854,/scan,sensor_msgs/msg/LaserScan,5184,24.901,129088.776,627855.476,5
1770766544.795151,1770766544795126286,/scan,sensor_msgs/msg/LaserScan,5184,34.919,181021.818,627850.781,5
1770766544.883850,1770766544883821991,/scan,sensor_msgs/msg/LaserScan,5184,11.275,58447.024,627906.139,6
1770766544.902879,1770766544902849571,/scan,sensor_msgs/msg/LaserScan,5184,52.555,272446.627,627891.831,6
1770766544.953426,1770766544953384442,/scan,sensor_msgs/msg/LaserScan,5184,19.788,102582.631,627875.705,6
1770766544.963997,1770766544963979389,/scan,sensor_msgs/msg/LaserScan,5184,94.385,489289.847,627852.967,6
1770766545.040157,1770766545040118019,/scan,sensor_msgs/msg/LaserScan,5184,13.134,68086.331,627862.420,7
1770766545.058186,1770766545058162534,/scan,sensor_msgs/msg/LaserScan,5184,55.419,287289.517,627847.149,7
1770766545.072753,1770766545072720001,/scan,sensor_msgs/msg/LaserScan,5184,68.693,356105.908,627828.351,7
1770766545.122480,1770766545122440972,/scan,sensor_msgs/msg/LaserScan,5184,20.112,104261.842,627811.407,7
1770766545.137324,1770766545137279410,/scan,sensor_msgs/msg/LaserScan,5184,67.393,349362.918,627792.925,7
1770766545.175102,1770766545175062432,/scan,sensor_msgs/msg/LaserScan,5184,26.467,137204.483,627797.349,7
1770766545.223817,1770766545223778112,/scan,sensor_msgs/msg/LaserScan,5184,20.527,106413.377,627812.748,7
1770766545.228272,1770766545228252376,/scan,sensor_msgs/msg/LaserScan,5184,223.500,1158626.313,627783.895,7
1770766545.279148,1770766545279124552,/scan,sensor_msgs/msg/LaserScan,5184,19.657,101902.462,627801.430,7
1770766545.328910,1770766545328881363,/scan,sensor_msgs/msg/LaserScan,5184,20.098,104186.741,627817.865,7
1770766545.341485,1770766545341441862,/scan,sensor_msgs/msg/LaserScan,5184,79.615,412722.456,627797.087,7
1770766545.384757,1770766545384714969,/scan,sensor_msgs/msg/LaserScan,5184,23.109,119797.268,627807.033,7
1770766545.411467,1770766545411448781,/scan,sensor_msgs/msg/LaserScan,5184,37.406,193911.740,627800.436,7
1770766545.452387,1770766545452362522,/scan,sensor_msgs/msg/LaserScan,5184,24.442,126705.598,627808.010,7
1770766545.481625,1770766545481585078,/scan,sensor_msgs/msg/LaserScan,5184,34.220,177397.213,627803.895,7
1770766545.514665,1770766545514622292,/scan,sensor_msgs/msg/LaserScan,5184,30.269,156913.958,627803.580,7
1770766545.548789,1770766545548746087,/scan,sensor_msgs/msg/LaserScan,5184,29.305,151917.452,627804.380,7
1770766545.583762,1770766545583720287,/scan,sensor_msgs/msg/LaserScan,5184,28.593,148223.548,627806.025,7
1770766545.619503,1770766545619463312,/scan,sensor_msgs/msg/LaserScan,5184,27.977,145035.290,627808.453,7
1770766545.656626,1770766545656585876,/scan,sensor_msgs/msg/LaserScan,5184,26.938,139645.527,627812.233,7
1770766545.683391,1770766545683366989,/scan,sensor_msgs/msg/LaserScan,5184,37.340,193569.252,627805.686,7
1770766545.731461,1770766545731422247,/scan,sensor_msgs/msg/LaserScan,5184,20.809,107875.812,627820.392,7
1770766545.751539,1770766545751499334,/scan,sensor_msgs/msg/LaserScan,5184,49.808,258204.788,627807.137,7
1770766545.788473,1770766545788442992,/scan,sensor_msgs/msg/LaserScan,5184,27.068,140321.784,627810.767,7
1770766545.835101,1770766545835059538,/scan,sensor_msgs/msg/LaserScan,5184,21.452,111205.150,627824.042,7
1770766545.858613,1770766545858571922,/scan,sensor_msgs/msg/LaserScan,5184,42.531,220479.557,627814.197,7
1770766545.900275,1770766545900231765,/scan,sensor_msgs/msg/LaserScan,5184,24.004,124436.379,627822.408,7
1770766545.989057,1770766545989016352,/scan,sensor_msgs/msg/LaserScan,5184,11.263,58388.513,627877.998,8
1770766546.004047,1770766546004006916,/scan,sensor_msgs/msg/LaserScan,5184,66.709,345817.542,627859.659,8
1770766546.052121,1770766546052097210,/scan,sensor_msgs/msg/LaserScan,5184,20.794,107797.220,627874.404,8
1770766546.078049,1770766546078015112,/scan,sensor_msgs/msg/LaserScan,5184,38.583,200016.190,627867.002,8
1770766546.095251,1770766546095231984,/scan,sensor_msgs/msg/LaserScan,5184,58.083,301099.991,627850.886,8
1770766546.107832,1770766546107792888,/scan,sensor_msgs/msg/LaserScan,5184,79.612,412709.149,627830.082,8
1770766546.130370,1770766546130350787,/scan,sensor_msgs/msg/LaserScan,5184,44.330,229808.636,627819.308,8
1770766546.187420,1770766546187379488,/scan,sensor_msgs/msg/LaserScan,5184,17.535,90901.597,627843.011,8
1770766546.198961,1770766546198944248,/scan,sensor_msgs/msg/LaserScan,5184,86.470,448258.330,627787.918,8
1770766546.235037,1770766546234998317,/scan,sensor_msgs/msg/LaserScan,5184,27.736,143784.048,627790.640,8
1770766546.288113,1770766546288094329,/scan,sensor_msgs/msg/LaserScan,5184,18.834,97634.451,627810.413,8
1770766546.297913,1770766546297900148,/scan,sensor_msgs/msg/LaserScan,5184,101.980,528665.683,627786.890,8
1770766546.395630,1770766546395588171,/scan,sensor_msgs/msg/LaserScan,5184,10.237,53066.894,627851.227,10
1770766546.419928,1770766546419910042,/scan,sensor_msgs/msg/LaserScan,5184,41.115,213141.497,627842.217,10
1770766546.454870,1770766546454847967,/scan,sensor_msgs/msg/LaserScan,5184,28.622,148377.444,627843.815,10
1770766546.469894,1770766546469873062,/scan,sensor_msgs/msg/LaserScan,5184,66.555,345022.777,627825.525,10
1770766546.486599,1770766546486574327,/scan,sensor_msgs/msg/LaserScan,5184,59.876,310395.650,627808.895,10
1770766546.522545,1770766546522503953,/scan,sensor_msgs/msg/LaserScan,5184,27.832,144282.047,627811.463,10
1770766546.537862,1770766546537820622,/scan,sensor_msgs/msg/LaserScan,5184,65.288,338454.791,627793.464,10
1770766546.588363,1770766546588322626,/scan,sensor_msgs/msg/LaserScan,5184,19.801,102649.392,627810.635,10
1770766546.619808,1770766546619767665,/scan,sensor_msgs/msg/LaserScan,5184,31.802,164859.074,627808.735,10
1770766546.638493,1770766546638453050,/scan,sensor_msgs/msg/LaserScan,5184,53.518,277436.082,627794.096,10
1770766546.671981,1770766546671957758,/scan,sensor_msgs/msg/LaserScan,5184,29.847,154724.524,627794.274,10
1770766546.726546,1770766546726504830,/scan,sensor_msgs/msg/LaserScan,5184,18.333,95037.182,627815.479,10
1770766546.744378,1770766546744337312,/scan,sensor_msgs/msg/LaserScan,5184,56.077,290705.467,627799.975,10
1770766546.780219,1770766546780194678,/scan,sensor_msgs/msg/LaserScan,5184,27.888,144572.805,627802.518,10
1770766546.827134,1770766546827111309,/scan,sensor_msgs/msg/LaserScan,5184,21.314,110493.867,627816.097,10
1770766546.836404,1770766546836381659,/scan,sensor_msgs/msg/LaserScan,5184,107.871,559202.188,627792.009,10
1770766546.881151,1770766546881122169,/scan,sensor_msgs/msg/LaserScan,5184,22.351,115868.147,627803.435,10
1770766546.907885,1770766546907851149,/scan,sensor_msgs/msg/LaserScan,5184,37.413,193946.795,627796.842,10
1770766546.953106,1770766546953082903,/scan,sensor_msgs/msg/LaserScan,5184,22.108,114609.750,627808.715,10
1770766546.980217,1770766546980188492,/scan,sensor_msgs/msg/LaserScan,5184,36.893,191252.070,627802.486,10
1770766547.008751,1770766547008709907,/scan,sensor_msgs/msg/LaserScan,5184,35.061,181758.163,627797.683,10
1770766547.049140,1770766547049109425,/scan,sensor_msgs/msg/LaserScan,5184,24.753,128318.363,627804.749,10
1770766547.077029,1770766547077000787,/scan,sensor_msgs/msg/LaserScan,5184,35.853,185863.996,627799.315,10
1770766547.107668,1770766547107630426,/scan,sensor_msgs/msg/LaserScan,5184,32.648,169247.832,627796.613,10
1770766547.155172,1770766547155137380,/scan,sensor_msgs/msg/LaserScan,5184,21.050,109120.867,627810.785,10
1770766547.178849,1770766547178808660,/scan,sensor_msgs/msg/LaserScan,5184,42.245,218999.564,627801.125,10
1770766547.218277,1770766547218258991,/scan,sensor_msgs/msg/LaserScan,5184,25.348,131405.742,627807.229,10
1770766547.247356,1770766547247337434,/scan,sensor_msgs/msg/LaserScan,5184,34.390,178276.395,627802.968,10
1770766547.287270,1770766547287253111,/scan,sensor_msgs/msg/LaserScan,5184,25.053,129873.784,627809.569,10
1770766547.336430,1770766547336403084,/scan,sensor_msgs/msg/LaserScan,5184,20.346,105473.100,627825.383,10
1770766547.356064,1770766547356043067,/scan,sensor_msgs/msg/LaserScan,5184,50.917,263951.349,627811.685,10
1770766547.382767,1770766547382743810,/scan,sensor_msgs/msg/LaserScan,5184,37.452,194151.901,627805.021,10
1770766547.424829,1770766547424810703,/scan,sensor_msgs/msg/LaserScan,5184,23.772,123232.301,627813.796,10
1770766547.453003,1770766547452979235,/scan,sensor_msgs/msg/LaserScan,5184,35.501,184035.150,627808.633,10
1770766547.497061,1770766547497037594,/scan,sensor_msgs/msg/LaserScan,5184,22.697,117662.122,627819.352,10
1770766547.516258,1770766547516241574,/scan,sensor_msgs/msg/LaserScan,5184,52.073,269944.043,627805.235,10
1770766547.556096,1770766547556056249,/scan,sensor_msgs/msg/LaserScan,5184,25.116,130203.248,627811.712,10
1770766547.595982,1770766547595958887,/scan,sensor_msgs/msg/LaserScan,5184,25.061,129916.223,627818.266,10
1770766547.627443,1770766547627403985,/scan,sensor_msgs/msg/LaserScan,5184,31.801,164858.764,627816.377,10
1770766547.650314,1770766547650272702,/scan,sensor_msgs/msg/LaserScan,5184,43.728,226685.214,627805.932,10
1770766547.696892,1770766547696852407,/scan,sensor_msgs/msg/LaserScan,5184,21.469,111293.105,627819.168,10
1770766547.738234,1770766547738193162,/scan,sensor_msgs/msg/LaserScan,5184,24.189,125396.839,627827.179,10
1770766547.762673,1770766547762632173,/scan,sensor_msgs/msg/LaserScan,5184,40.918,212119.877,627818.268,10
1770766547.799043,1770766547799021678,/scan,sensor_msgs/msg/LaserScan,5184,27.480,142458.657,627821.339,10
1770766547.849442,1770766547849423586,/scan,sensor_msgs/msg/LaserScan,5184,19.841,102853.249,627838.401,10
1770766547.863428,1770766547863388586,/scan,sensor_msgs/msg/LaserScan,5184,71.608,371213.749,627819.039,10
1770766547.902006,1770766547901987644,/scan,sensor_msgs/msg/LaserScan,5184,25.907,134303.796,627824.311,10
1770766547.938253,1770766547938213195,/scan,sensor_msgs/msg/LaserScan,5184,27.605,143103.413,627827.207,10
1770766547.959988,1770766547959966788,/scan,sensor_msgs/msg/LaserScan,5184,45.969,238305.461,627815.613,10
1770766548.001738,1770766548001700905,/scan,sensor_msgs/msg/LaserScan,5184,23.961,124214.920,627824.025,10
1770766548.023391,1770766548023363526,/scan,sensor_msgs/msg/LaserScan,5184,46.162,239306.222,627812.355,10
1770766548.126518,1770766548126477715,/scan,sensor_msgs/msg/LaserScan,5184,9.698,50274.361,627882.124,12
1770766548.130077,1770766548130066396,/scan,sensor_msgs/msg/LaserScan,5184,278.654,1444541.880,627852.269,12
1770766548.169041,1770766548169022489,/scan,sensor_msgs/msg/LaserScan,5184,25.670,133072.893,627858.009,12
1770766548.189315,1770766548189263129,/scan,sensor_msgs/msg/LaserScan,5184,49.406,256118.384,627844.914,12
1770766548.213962,1770766548213927880,/scan,sensor_msgs/msg/LaserScan,5184,40.544,210178.485,627836.230,12
1770766548.247944,1770766548247920152,/scan,sensor_msgs/msg/LaserScan,5184,29.418,152505.252,627836.888,12
1770766548.264467,1770766548264439435,/scan,sensor_msgs/msg/LaserScan,5184,60.535,313815.073,627820.073,12
1770766548.319872,1770766548319833159,/scan,sensor_msgs/msg/LaserScan,5184,18.053,93584.609,627842.124,12
1770766548.339907,1770766548339884241,/scan,sensor_msgs/msg/LaserScan,5184,49.873,258539.664,627795.530,12
1770766548.374028,1770766548374006120,/scan,sensor_msgs/msg/LaserScan,5184,29.307,151925.983,627796.315,12
1770766548.392879,1770766548392860595,/scan,sensor_msgs/msg/LaserScan,5184,53.038,274947.990,627781.819,12
1770766548.474152,1770766548474123536,/scan,sensor_msgs/msg/LaserScan,5184,12.306,63792.916,627829.781,13
1770766548.519110,1770766548519072143,/scan,sensor_msgs/msg/LaserScan,5184,22.248,115331.717,627841.394,13
1770766548.532593,1770766548532561982,/scan,sensor_msgs/msg/LaserScan,5184,74.130,384289.242,627821.548,13
1770766548.563473,1770766548563433496,/scan,sensor_msgs/msg/LaserScan,5184,32.392,167921.794,627819.073,13
1770766548.574813,1770766548574773577,/scan,sensor_msgs/msg/LaserScan,5184,88.183,457139.592,627797.096,13
1770766548.625002,1770766548624984143,/scan,sensor_msgs/msg/LaserScan,5184,19.916,103245.201,627813.969,13
1770766548.630103,1770766548630064907,/scan,sensor_msgs/msg/LaserScan,5184,196.821,1020318.991,627785.715,13
1770766548.674908,1770766548674887465,/scan,sensor_msgs/msg/LaserScan,5184,22.310,115656.050,627797.201,13
1770766548.735109,1770766548735075277,/scan,sensor_msgs/msg/LaserScan,5184,16.615,86130.395,627824.061,13
1770766548.745608,1770766548745585638,/scan,sensor_msgs/msg/LaserScan,5184,95.144,493227.588,627801.241,13
1770766548.788223,1770766548788198512,/scan,sensor_msgs/msg/LaserScan,5184,23.467,121653.376,627810.493,13
1770766548.793161,1770766548793135318,/scan,sensor_msgs/msg/LaserScan,5184,202.560,1050071.646,627782.105,13
1770766548.840926,1770766548840909103,/scan,sensor_msgs/msg/LaserScan,5184,20.932,108511.394,627796.564,13
1770766548.888777,1770766548888747887,/scan,sensor_msgs/msg/LaserScan,5184,20.904,108363.958,627811.069,13
1770766548.902896,1770766548902855244,/scan,sensor_msgs/msg/LaserScan,5184,70.885,367467.840,627791.846,13
1770766548.948500,1770766548948475696,/scan,sensor_msgs/msg/LaserScan,5184,21.920,113633.245,627804.124,13
1770766548.976207,1770766548976168220,/scan,sensor_msgs/msg/LaserScan,5184,36.111,187198.538,627798.485,13
1770766549.005656,1770766549005615460,/scan,sensor_msgs/msg/LaserScan,5184,33.959,176043.663,627794.604,13
1770766549.046322,1770766549046276218,/scan,sensor_msgs/msg/LaserScan,5184,24.594,127493.934,627801.922,13
1770766549.078506,1770766549078464025,/scan,sensor_msgs/msg/LaserScan,5184,31.068,161054.775,627800.783,13
1770766549.106862,1770766549106821830,/scan,sensor_msgs/msg/LaserScan,5184,35.264,182806.815,627795.814,13
1770766549.147747,1770766549147707734,/scan,sensor_msgs/msg/LaserScan,5184,24.458,126791.865,627803.363,13
1770766549.185299,1770766549185260912,/scan,sensor_msgs/msg/LaserScan,5184,26.629,138044.242,627807.583,13
1770766549.216043,1770766549216003667,/scan,sensor_msgs/msg/LaserScan,5184,32.528,168625.096,627804.996,13
1770766549.251603,1770766549251561140,/scan,sensor_msgs/msg/LaserScan,5184,28.123,145792.138,627807.204,13
1770766549.279364,1770766549279320311,/scan,sensor_msgs/msg/LaserScan,5184,36.024,186749.093,627801.636,13
1770766549.324616,1770766549324582710,/scan,sensor_msgs/msg/LaserScan,5184,22.093,114532.153,627813.577,13
1770766549.363192,1770766549363167117,/scan,sensor_msgs/msg/LaserScan,5184,25.917,134354.793,627818.826,13
1770766549.379032,1770766549378992697,/scan,sensor_msgs/msg/LaserScan,5184,63.189,327570.933,627801.319,13
1770766549.420074,1770766549420052946,/scan,sensor_msgs/msg/LaserScan,5184,24.354,126253.496,627809.037,13
1770766549.449490,1770766549449466861,/scan,sensor_msgs/msg/LaserScan,5184,33.998,176243.115,627805.127,13
1770766549.490619,1770766549490577986,/scan,sensor_msgs/msg/LaserScan,5184,24.324,126097.255,627812.902,13
1770766549.524078,1770766549524052835,/scan,sensor_msgs/msg/LaserScan,5184,29.873,154862.536,627813.037,13
1770766549.551898,1770766549551879317,/scan,sensor_msgs/msg/LaserScan,5184,35.937,186297.355,627807.540,13
1770766549.587178,1770766549587159064,/scan,sensor_msgs/msg/LaserScan,5184,28.345,146939.829,627809.479,13
1770766549.621495,1770766549621455900,/scan,sensor_msgs/msg/LaserScan,5184,29.157,151150.969,627810.443,13
1770766549.657171,1770766549657147639,/scan,sensor_msgs/msg/LaserScan,5184,28.018,145243.694,627812.806,13
1770766549.686795,1770766549686755899,/scan,sensor_msgs/msg/LaserScan,5184,33.774,175086.277,627809.080,13
1770766549.721040,1770766549720999426,/scan,sensor_msgs/msg/LaserScan,5184,29.203,151386.275,627809.994,13
1770766549.754708,1770766549754666633,/scan,sensor_msgs/msg/LaserScan,5184,29.702,153977.727,627810.328,13
1770766549.789765,1770766549789741357,/scan,sensor_msgs/msg/LaserScan,5184,28.511,147798.740,627812.058,13
1770766549.831434,1770766549831410237,/scan,sensor_msgs/msg/LaserScan,5184,23.999,124409.391,627820.402,13
1770766549.867262,1770766549867242601,/scan,sensor_msgs/msg/LaserScan,5184,27.908,144673.681,627822.904,13
1770766549.891750,1770766549891723347,/scan,sensor_msgs/msg/LaserScan,5184,40.848,211758.253,627814.037,13
1770766549.930948,1770766549930923461,/scan,sensor_msgs/msg/LaserScan,5184,25.510,132244.513,627819.909,13
1770766549.956854,1770766549956828942,/scan,sensor_msgs/msg/LaserScan,5184,38.602,200112.092,627812.490,13
1770766550.000030,1770766549999987815,/scan,sensor_msgs/msg/LaserScan,5184,23.170,120114.351,627822.308,13
1770766550.030231,1770766550030191084,/scan,sensor_msgs/msg/LaserScan,5184,33.109,171637.050,627819.178,13
1770766550.058579,1770766550058542303,/scan,sensor_msgs/msg/LaserScan,5184,35.272,182849.281,627814.194,13
1770766550.098887,1770766550098864189,/scan,sensor_msgs/msg/LaserScan,5184,24.800,128565.415,627821.186,13
1770766550.123365,1770766550123341839,/scan,sensor_msgs/msg/LaserScan,5184,40.854,211785.037,627812.312,13
1770766550.167909,1770766550167886305,/scan,sensor_msgs/msg/LaserScan,5184,22.449,116378.093,627823.545,13
1770766550.205155,1770766550205133243,/scan,sensor_msgs/msg/LaserScan,5184,26.848,139179.226,627827.438,13
1770766550.225629,1770766550225589202,/scan,sensor_msgs/msg/LaserScan,5184,48.886,253422.487,627814.333,13
1770766550.273811,1770766550273794112,/scan,sensor_msgs/msg/LaserScan,5184,20.745,107540.912,627829.453,13
1770766550.287164,1770766550287150702,/scan,sensor_msgs/msg/LaserScan,5184,74.869,388123.016,627809.449,13
1770766550.340744,1770766550340704097,/scan,sensor_msgs/msg/LaserScan,5184,18.673,96800.586,627829.688,13
1770766550.374096,1770766550374055621,/scan,sensor_msgs/msg/LaserScan,5184,29.984,155435.176,627829.693,13
1770766550.391749,1770766550391727129,/scan,sensor_msgs/msg/LaserScan,5184,56.588,293353.572,627813.979,13
1770766550.434089,1770766550434047813,/scan,sensor_msgs/msg/LaserScan,5184,23.629,122493.294,627823.033,13
1770766550.468703,1770766550468661570,/scan,sensor_msgs/msg/LaserScan,5184,28.890,149767.042,627824.306,13
1770766550.494490,1770766550494449862,/scan,sensor_msgs/msg/LaserScan,5184,38.777,201021.456,627816.741,13
1770766550.540703,1770766550540663260,/scan,sensor_msgs/msg/LaserScan,5184,21.639,112175.261,627829.628,13
1770766550.566411,1770766550566394308,/scan,sensor_msgs/msg/LaserScan,5184,38.864,201468.669,627822.033,13
1770766550.601317,1770766550601263800,/scan,sensor_msgs/msg/LaserScan,5184,28.678,148668.641,627823.582,13
1770766550.644220,1770766550644179134,/scan,sensor_msgs/msg/LaserScan,5184,23.302,120795.984,627833.159,13
1770766550.663002,1770766550662963454,/scan,sensor_msgs/msg/LaserScan,5184,53.236,275974.856,627818.584,13
1770766550.716408,1770766550716385947,/scan,sensor_msgs/msg/LaserScan,5184,18.719,97037.778,627838.709,13
1770766550.737463,1770766550737427594,/scan,sensor_msgs/msg/LaserScan,5184,47.525,246368.547,627826.392,13
1770766550.778715,1770766550778686430,/scan,sensor_msgs/msg/LaserScan,5184,24.237,125645.813,627834.334,13
1770766550.825796,1770766550825755893,/scan,sensor_msgs/msg/LaserScan,5184,21.245,110135.100,627848.055,13
1770766550.834152,1770766550834133959,/scan,sensor_msgs/msg/LaserScan,5184,119.359,618758.554,627822.860,13
1770766550.932229,1770766550932187946,/scan,sensor_msgs/msg/LaserScan,5184,10.198,52868.834,627887.844,15
1770766550.955092,1770766550955052479,/scan,sensor_msgs/msg/LaserScan,5184,43.736,226726.695,627877.364,15
1770766550.992121,1770766550992099474,/scan,sensor_msgs/msg/LaserScan,5184,26.993,139930.378,627881.087,15
1770766551.009065,1770766551009025761,/scan,sensor_msgs/msg/LaserScan,5184,59.080,306269.178,627864.682,15
1770766551.017046,1770766551017005222,/scan,sensor_msgs/msg/LaserScan,5184,125.322,649667.941,627839.286,15
1770766551.061109,1770766551061085120,/scan,sensor_msgs/msg/LaserScan,5184,22.686,117604.628,627850.065,15
1770766551.078237,1770766551078201786,/scan,sensor_msgs/msg/LaserScan,5184,58.423,302862.719,627833.846,15
1770766551.114084,1770766551114043641,/scan,sensor_msgs/msg/LaserScan,5184,27.900,144635.371,627836.344,15
1770766551.148438,1770766551148418965,/scan,sensor_msgs/msg/LaserScan,5184,29.091,150805.851,627804.051,15
1770766551.185534,1770766551185510283,/scan,sensor_msgs/msg/LaserScan,5184,26.960,139763.165,627807.800,15
1770766551.211021,1770766551211003406,/scan,sensor_msgs/msg/LaserScan,5184,39.226,203348.958,627799.989,15
1770766551.280759,1770766551280718273,/scan,sensor_msgs/msg/LaserScan,5184,14.344,74360.036,627836.168,16
1770766551.332931,1770766551332908950,/scan,sensor_msgs/msg/LaserScan,5184,19.161,99328.085,627821.900,16
1770766551.352567,1770766551352526802,/scan,sensor_msgs/msg/LaserScan,5184,50.974,264249.114,627808.182,16
1770766551.389965,1770766551389925399,/scan,sensor_msgs/msg/LaserScan,5184,26.739,138614.826,627812.229,16
1770766551.426309,1770766551426275766,/scan,sensor_msgs/msg/LaserScan,5184,27.510,142612.040,627815.240,16
1770766551.450907,1770766551450882093,/scan,sensor_msgs/msg/LaserScan,5184,40.640,210677.522,627806.516,16
1770766551.499925,1770766551499905741,/scan,sensor_msgs/msg/LaserScan,5184,20.398,105744.885,627822.213,16
1770766551.522911,1770766551522871105,/scan,sensor_msgs/msg/LaserScan,5184,43.544,225731.236,627811.835,16
1770766551.549323,1770766551549272395,/scan,sensor_msgs/msg/LaserScan,5184,37.877,196354.042,627804.906,16
1770766551.591733,1770766551591714764,/scan,sensor_msgs/msg/LaserScan,5184,23.561,122142.098,627814.026,16
1770766551.620033,1770766551620008248,/scan,sensor_msgs/msg/LaserScan,5184,35.344,183222.398,627808.973,16
1770766551.667793,1770766551667751166,/scan,sensor_msgs/msg/LaserScan,5184,20.946,108581.549,627823.391,16
1770766551.691610,1770766551691575333,/scan,sensor_msgs/msg/LaserScan,5184,41.974,217594.177,627813.882,16
1770766551.731107,1770766551731067487,/scan,sensor_msgs/msg/LaserScan,5184,25.321,131266.580,627820.044,16
1770766551.765470,1770766551765428984,/scan,sensor_msgs/msg/LaserScan,5184,29.102,150866.535,627821.068,16
1770766551.802330,1770766551802307719,/scan,sensor_msgs/msg/LaserScan,5184,27.116,140568.813,627824.591,16
1770766551.839410,1770766551839365906,/scan,sensor_msgs/msg/LaserScan,5184,26.985,139888.117,627828.346,16
1770766551.859832,1770766551859814241,/scan,sensor_msgs/msg/LaserScan,5184,48.904,253516.973,627815.458,16
1770766551.900403,1770766551900381045,/scan,sensor_msgs/msg/LaserScan,5184,24.651,127789.214,627822.693,16
1770766551.943833,1770766551943790217,/scan,sensor_msgs/msg/LaserScan,5184,23.037,119421.766,627832.763,16
1770766551.962226,1770766551962185826,/scan,sensor_msgs/msg/LaserScan,5184,54.361,281806.381,627817.830,16
1770766552.021227,1770766552021187278,/scan,sensor_msgs/msg/LaserScan,5184,16.949,87862.244,627843.498,16
1770766552.031889,1770766552031847859,/scan,sensor_msgs/msg/LaserScan,5184,93.804,486277.436,627820.801,16
1770766552.086554,1770766552086525220,/scan,sensor_msgs/msg/LaserScan,5184,18.289,94810.721,627842.167,16
1770766552.099501,1770766552099482990,/scan,sensor_msgs/msg/LaserScan,5184,77.174,400068.839,627821.782,16
1770766552.140885,1770766552140841766,/scan,sensor_msgs/msg/LaserScan,5184,24.179,125342.201,627829.805,16
1770766552.187529,1770766552187486803,/scan,sensor_msgs/msg/LaserScan,5184,21.439,111137.226,627843.122,16
1770766552.202274,1770766552202247458,/scan,sensor_msgs/msg/LaserScan,5184,67.748,351203.927,627824.541,16
1770766552.254276,1770766552254236953,/scan,sensor_msgs/msg/LaserScan,5184,19.235,99712.452,627843.197,16
1770766552.294219,1770766552294200550,/scan,sensor_msgs/msg/LaserScan,5184,25.023,129718.053,627849.837,16
1770766552.307436,1770766552307394690,/scan,sensor_msgs/msg/LaserScan,5184,75.791,392901.697,627829.706,16
1770766552.359827,1770766552359784090,/scan,sensor_msgs/msg/LaserScan,5184,19.088,98951.315,627848.757,16
1770766552.364068,1770766552364028912,/scan,sensor_msgs/msg/LaserScan,5184,235.581,1221252.623,627819.665,16
1770766552.412514,1770766552412474632,/scan,sensor_msgs/msg/LaserScan,5184,20.642,107006.357,627834.785,16
1770766552.458917,1770766552458892231,/scan,sensor_msgs/msg/LaserScan,5184,21.544,111681.778,627847.869,16
1770766552.464585,1770766552464543456,/scan,sensor_msgs/msg/LaserScan,5184,176.953,917323.235,627820.168,16
1770766552.487085,1770766552487057596,/scan,sensor_msgs/msg/LaserScan,5184,44.417,230255.297,627809.357,16
1770766552.543242,1770766552543200923,/scan,sensor_msgs/msg/LaserScan,5184,17.812,92335.105,627832.160,16
1770766552.580210,1770766552580188541,/scan,sensor_msgs/msg/LaserScan,5184,27.036,140155.011,627835.834,16
1770766552.619169,1770766552619138928,/scan,sensor_msgs/msg/LaserScan,5184,25.674,133092.388,627841.423,16
1770766552.645934,1770766552645893343,/scan,sensor_msgs/msg/LaserScan,5184,37.377,193762.413,627834.861,16
1770766552.671270,1770766552671230050,/scan,sensor_msgs/msg/LaserScan,5184,39.468,204604.332,627826.873,16
1770766552.725073,1770766552725033363,/scan,sensor_msgs/msg/LaserScan,5184,18.586,96350.944,627847.340,16
1770766552.745023,1770766552744982088,/scan,sensor_msgs/msg/LaserScan,5184,50.129,259866.232,627833.958,16
1770766552.807688,1770766552807669280,/scan,sensor_msgs/msg/LaserScan,5184,15.952,82696.319,627863.307,16
1770766552.820186,1770766552820156949,/scan,sensor_msgs/msg/LaserScan,5184,80.079,415129.517,627842.459,16
1770766552.849128,1770766552849105941,/scan,sensor_msgs/msg/LaserScan,5184,34.544,179073.593,627838.022,16
1770766552.889105,1770766552889084545,/scan,sensor_msgs/msg/LaserScan,5184,25.013,129669.360,627844.632,16
1770766552.916190,1770766552916171458,/scan,sensor_msgs/msg/LaserScan,5184,36.918,191383.935,627838.465,16
1770766552.966804,1770766552966763519,/scan,sensor_msgs/msg/LaserScan,5184,19.766,102466.670,627855.736,16
1770766552.993474,1770766552993432613,/scan,sensor_msgs/msg/LaserScan,5184,37.497,194382.306,627849.061,16
1770766553.032718,1770766553032675047,/scan,sensor_msgs/msg/LaserScan,5184,25.483,132101.898,627854.969,16
1770766553.055684,1770766553055641016,/scan,sensor_msgs/msg/LaserScan,5184,43.543,225725.289,627844.602,16
1770766553.098010,1770766553097983151,/scan,sensor_msgs/msg/LaserScan,5184,23.617,122431.238,627853.613,16
1770766553.132609,1770766553132581858,/scan,sensor_msgs/msg/LaserScan,5184,28.903,149832.189,627854.887,16
1770766553.158941,1770766553158918393,/scan,sensor_msgs/msg/LaserScan,5184,37.970,196836.828,627847.885,16
1770766553.199392,1770766553199372741,/scan,sensor_msgs/msg/LaserScan,5184,24.719,128144.446,627855.011,16
1770766553.222460,1770766553222439363,/scan,sensor_msgs/msg/LaserScan,5184,43.353,224740.320,627844.751,16
1770766553.274145,1770766553274121489,/scan,sensor_msgs/msg/LaserScan,5184,19.349,100305.471,627829.743,16
1770766553.290240,1770766553290214569,/scan,sensor_msgs/msg/LaserScan,5184,62.139,322126.032,627812.520,16
1770766553.332201,1770766553332160421,/scan,sensor_msgs/msg/LaserScan,5184,23.840,123587.906,627821.112,16
1770766553.384119,1770766553384094382,/scan,sensor_msgs/msg/LaserScan,5184,19.255,99819.076,627839.741,16
1770766553.398082,1770766553398063896,/scan,sensor_msgs/msg/LaserScan,5184,71.584,371093.798,627820.350,16
1770766553.434746,1770766553434711754,/scan,sensor_msgs/msg/LaserScan,5184,27.287,141454.379,627823.679,16
1770766553.485337,1770766553485319125,/scan,sensor_msgs/msg/LaserScan,5184,19.760,102435.671,627840.954,16
1770766553.497903,1770766553497864022,/scan,sensor_msgs/msg/LaserScan,5184,79.714,413235.756,627820.166,16
1770766553.540981,1770766553540959260,/scan,sensor_msgs/msg/LaserScan,5184,23.204,120291.713,627829.930,16
1770766553.563908,1770766553563868229,/scan,sensor_msgs/msg/LaserScan,5184,43.651,226286.918,627819.477,16
1770766553.600789,1770766553600748687,/scan,sensor_msgs/msg/LaserScan,5184,27.115,140562.246,627823.040,16
1770766553.650901,1770766553650861583,/scan,sensor_msgs/msg/LaserScan,5184,19.955,103446.426,627839.819,16
1770766553.663528,1770766553663506168,/scan,sensor_msgs/msg/LaserScan,5184,79.085,409977.868,627819.124,16
1770766553.706458,1770766553706446462,/scan,sensor_msgs/msg/LaserScan,5184,23.288,120725.769,627828.750,16
1770766553.741902,1770766553741878575,/scan,sensor_msgs/msg/LaserScan,5184,28.223,146307.955,627830.835,16
1770766553.759683,1770766553759641221,/scan,sensor_msgs/msg/LaserScan,5184,56.298,291848.410,627815.284,16
1770766553.806058,1770766553806039713,/scan,sensor_msgs/msg/LaserScan,5184,21.552,111727.769,627828.341,16
1770766553.830743,1770766553830697151,/scan,sensor_msgs/msg/LaserScan,5184,40.556,210240.821,627819.663,16
1770766553.874217,1770766553874180713,/scan,sensor_msgs/msg/LaserScan,5184,22.997,119217.464,627829.814,16
1770766553.923947,1770766553923902942,/scan,sensor_msgs/msg/LaserScan,5184,20.112,104259.204,627846.214,16
1770766553.929428,1770766553929387834,/scan,sensor_msgs/msg/LaserScan,5184,182.319,945141.673,627818.360,16
1770766553.985741,1770766553985697249,/scan,sensor_msgs/msg/LaserScan,5184,17.759,92062.757,627841.328,16
1770766553.994768,1770766553994751612,/scan,sensor_msgs/msg/LaserScan,5184,110.444,572541.658,627816.997,16
1770766554.040924,1770766554040901687,/scan,sensor_msgs/msg/LaserScan,5184,21.668,112329.178,627829.857,16
1770766554.088193,1770766554088170498,/scan,sensor_msgs/msg/LaserScan,5184,21.156,109670.624,627843.811,16
1770766554.103266,1770766554103242988,/scan,sensor_msgs/msg/LaserScan,5184,66.346,343937.863,627825.540,16
1770766554.147741,1770766554147698709,/scan,sensor_msgs/msg/LaserScan,5184,22.494,116610.413,627836.664,16
1770766554.185201,1770766554185181976,/scan,sensor_msgs/msg/LaserScan,5184,26.679,138301.712,627840.808,16
1770766554.204441,1770766554204406459,/scan,sensor_msgs/msg/LaserScan,5184,52.017,269656.146,627826.709,16
1770766554.249417,1770766554249398640,/scan,sensor_msgs/msg/LaserScan,5184,22.226,115220.020,627838.365,16
1770766554.276323,1770766554276299639,/scan,sensor_msgs/msg/LaserScan,5184,37.173,192706.598,627831.941,16
1770766554.313156,1770766554313101622,/scan,sensor_msgs/msg/LaserScan,5184,27.172,140861.975,627835.393,16
1770766554.361523,1770766554361471855,/scan,sensor_msgs/msg/LaserScan,5184,20.674,107173.352,627850.445,16
1770766554.377788,1770766554377757424,/scan,sensor_msgs/msg/LaserScan,5184,61.404,318318.629,627833.388,16
1770766554.415735,1770766554415691594,/scan,sensor_msgs/msg/LaserScan,5184,26.361,136657.794,627838.006,16
1770766554.444025,1770766554443981379,/scan,sensor_msgs/msg/LaserScan,5184,35.348,183246.356,627832.947,16
1770766554.483720,1770766554483682417,/scan,sensor_msgs/msg/LaserScan,5184,25.188,130575.931,627839.323,16
1770766554.527270,1770766554527233988,/scan,sensor_msgs/msg/LaserScan,5184,22.961,119031.297,627849.543,16
1770766554.534992,1770766554534963225,/scan,sensor_msgs/msg/LaserScan,5184,129.379,670700.096,627823.937,16
1770766554.583414,1770766554583391230,/scan,sensor_msgs/msg/LaserScan,5184,20.649,107045.500,627838.955,16
1770766554.619260,1770766554619219818,/scan,sensor_msgs/msg/LaserScan,5184,27.911,144688.928,627841.527,16
1770766554.649396,1770766554649379422,/scan,sensor_msgs/msg/LaserScan,5184,33.157,171885.546,627838.350,16
1770766554.685139,1770766554685099458,/scan,sensor_msgs/msg/LaserScan,5184,27.995,145128.633,627840.739,16
1770766554.756067,1770766554756047961,/scan,sensor_msgs/msg/LaserScan,5184,14.095,73067.081,627878.335,17
1770766554.782749,1770766554782708963,/scan,sensor_msgs/msg/LaserScan,5184,37.508,194441.304,627871.668,17
1770766554.819078,1770766554819055238,/scan,sensor_msgs/msg/LaserScan,5184,27.513,142628.096,627874.648,17
1770766554.845191,1770766554845173430,/scan,sensor_msgs/msg/LaserScan,5184,38.287,198482.345,627867.460,17
1770766554.878921,1770766554878880862,/scan,sensor_msgs/msg/LaserScan,5184,29.667,153793.976,627867.859,17
1770766554.893638,1770766554893596661,/scan,sensor_msgs/msg/LaserScan,5184,67.954,352274.450,627849.245,17
1770766554.921039,1770766554920998182,/scan,sensor_msgs/msg/LaserScan,5184,36.494,189186.578,627843.307,17
1770766554.960235,1770766554960194613,/scan,sensor_msgs/msg/LaserScan,5184,25.513,132256.939,627849.163,17
1770766554.997536,1770766554997495831,/scan,sensor_msgs/msg/LaserScan,5184,26.809,138976.695,627819.791,17
1770766555.013603,1770766555013563308,/scan,sensor_msgs/msg/LaserScan,5184,62.238,322639.329,627802.546,17
1770766555.083543,1770766555083523831,/scan,sensor_msgs/msg/LaserScan,5184,14.294,74098.931,627839.164,18
1770766555.091084,1770766555091048828,/scan,sensor_msgs/msg/LaserScan,5184,132.890,688903.929,627813.351,18
1770766555.120128,1770766555120090346,/scan,sensor_msgs/msg/LaserScan,5184,34.433,178503.066,627809.069,18
1770766555.165985,1770766555165944457,/scan,sensor_msgs/msg/LaserScan,5184,21.808,113054.204,627821.575,18
1770766555.205008,1770766555204967329,/scan,sensor_msgs/msg/LaserScan,5184,25.626,132845.168,627827.282,18
1770766555.223595,1770766555223568432,/scan,sensor_msgs/msg/LaserScan,5184,53.760,278693.151,627812.543,18
1770766555.283326,1770766555283307242,/scan,sensor_msgs/msg/LaserScan,5184,16.740,86777.758,627838.955,18
1770766555.297159,1770766555297120073,/scan,sensor_msgs/msg/LaserScan,5184,72.396,375303.224,627819.426,18
1770766555.336333,1770766555336310941,/scan,sensor_msgs/msg/LaserScan,5184,25.516,132275.713,627825.203,18
1770766555.389206,1770766555389165763,/scan,sensor_msgs/msg/LaserScan,5184,18.920,98079.982,627844.814,18
1770766555.403071,1770766555403048406,/scan,sensor_msgs/msg/LaserScan,5184,72.032,373415.927,627825.347,18
1770766555.415967,1770766555415928356,/scan,sensor_msgs/msg/LaserScan,5184,77.640,402486.034,627804.904,18
1770766555.480953,1770766555480909688,/scan,sensor_msgs/msg/LaserScan,5184,15.389,79776.758,627836.543,18
1770766555.508312,1770766555508268089,/scan,sensor_msgs/msg/LaserScan,5184,36.552,189484.758,627830.576,18
1770766555.548754,1770766555548732139,/scan,sensor_msgs/msg/LaserScan,5184,24.713,128113.721,627837.706,18
1770766555.579035,1770766555578994235,/scan,sensor_msgs/msg/LaserScan,5184,33.045,171303.402,627834.634,18
1770766555.608346,1770766555608274129,/scan,sensor_msgs/msg/LaserScan,5184,34.153,177049.821,627830.587,18
1770766555.660981,1770766555660964340,/scan,sensor_msgs/msg/LaserScan,5184,18.979,98386.397,627849.942,18
1770766555.669686,1770766555669644414,/scan,sensor_msgs/msg/LaserScan,5184,115.206,597229.931,627825.238,18
1770766555.716584,1770766555716543403,/scan,sensor_msgs/msg/LaserScan,5184,21.322,110535.432,627838.853,18
1770766555.750745,1770766555750705746,/scan,sensor_msgs/msg/LaserScan,5184,29.272,151746.032,627839.680,18
1770766555.788774,1770766555788732617,/scan,sensor_msgs/msg/LaserScan,5184,26.297,136324.653,627844.375,18
1770766555.817639,1770766555817611428,/scan,sensor_msgs/msg/LaserScan,5184,34.627,179508.775,627839.915,18
1770766555.853616,1770766555853584989,/scan,sensor_msgs/msg/LaserScan,5184,27.798,144105.834,627842.556,18
1770766555.880626,1770766555880604469,/scan,sensor_msgs/msg/LaserScan,5184,37.010,191861.575,627836.246,18
1770766555.915895,1770766555915856528,/scan,sensor_msgs/msg/LaserScan,5184,28.367,147055.240,627838.164,18
1770766555.951709,1770766555951676169,/scan,sensor_msgs/msg/LaserScan,5184,27.918,144725.069,627840.581,18
1770766555.988163,1770766555988140908,/scan,sensor_msgs/msg/LaserScan,5184,27.424,142164.736,627843.782,18
1770766556.022116,1770766556022073269,/scan,sensor_msgs/msg/LaserScan,5184,29.470,152774.515,627844.359,18
1770766556.055124,1770766556055105669,/scan,sensor_msgs/msg/LaserScan,5184,30.273,156936.826,627844.083,18
1770766556.092039,1770766556091996725,/scan,sensor_msgs/msg/LaserScan,5184,27.107,140521.865,627847.635,18
1770766556.116711,1770766556116682673,/scan,sensor_msgs/msg/LaserScan,5184,40.509,209998.012,627838.987,18
1770766556.156301,1770766556156265589,/scan,sensor_msgs/msg/LaserScan,5184,25.263,130965.591,627845.242,18
1770766556.186231,1770766556186188239,/scan,sensor_msgs/msg/LaserScan,5184,33.419,173246.688,627841.831,18
1770766556.225065,1770766556225024320,/scan,sensor_msgs/msg/LaserScan,5184,25.749,133484.118,627847.334,18
1770766556.258076,1770766556258035714,/scan,sensor_msgs/msg/LaserScan,5184,30.293,157036.689,627847.014,18
1770766556.285703,1770766556285681028,/scan,sensor_msgs/msg/LaserScan,5184,36.172,187518.217,627841.323,18
1770766556.321954,1770766556321925843,/scan,sensor_msgs/msg/LaserScan,5184,27.590,143027.354,627844.229,18
1770766556.366901,1770766556366856175,/scan,sensor_msgs/msg/LaserScan,5184,22.257,115378.627,627855.832,18
1770766556.384192,1770766556384150798,/scan,sensor_msgs/msg/LaserScan,5184,57.821,299746.343,627839.645,18
1770766556.439975,1770766556439953004,/scan,sensor_msgs/msg/LaserScan,5184,17.920,92899.553,627862.255,18
1770766556.463167,1770766556463142060,/scan,sensor_msgs/msg/LaserScan,5184,43.124,223553.732,627852.099,18
1770766556.501610,1770766556501566463,/scan,sensor_msgs/msg/LaserScan,5184,26.025,134914.263,627857.214,18
1770766556.524560,1770766556524511931,/scan,sensor_msgs/msg/LaserScan,5184,43.582,225926.967,627846.774,18
1770766556.568094,1770766556568064575,/scan,sensor_msgs/msg/LaserScan,5184,22.961,119028.365,627857.033,18
1770766556.604893,1770766556604875572,/scan,sensor_msgs/msg/LaserScan,5184,27.166,140827.482,627860.517,18
1770766556.621022,1770766556620987307,/scan,sensor_msgs/msg/LaserScan,5184,62.067,321753.058,627809.932,18
1770766556.661677,1770766556661634143,/scan,sensor_msgs/msg/LaserScan,5184,24.602,127537.602,627817.266,18
1770766556.711078,1770766556711047870,/scan,sensor_msgs/msg/LaserScan,5184,20.237,104910.119,627833.346,18
1770766556.756121,1770766556756081377,/scan,sensor_msgs/msg/LaserScan,5184,22.206,115114.286,627845.057,18
1770766556.759899,1770766556759888165,/scan,sensor_msgs/msg/LaserScan,5184,262.689,1361777.961,627815.526,18
1770766556.806541,1770766556806502146,/scan,sensor_msgs/msg/LaserScan,5184,21.453,111211.269,627828.627,18
1770766556.857074,1770766556857035273,/scan,sensor_msgs/msg/LaserScan,5184,19.789,102586.171,627846.010,18
1770766556.870879,1770766556870864152,/scan,sensor_msgs/msg/LaserScan,5184,72.312,374867.695,627826.481,18
1770766556.910833,1770766556910808075,/scan,sensor_msgs/msg/LaserScan,5184,25.035,129781.945,627833.101,18
1770766556.958923,1770766556958893171,/scan,sensor_msgs/msg/LaserScan,5184,20.796,107808.873,627847.871,18
1770766556.963394,1770766556963378547,/scan,sensor_msgs/msg/LaserScan,5184,222.947,1155755.950,627819.006,18
1770766557.016893,1770766557016870278,/scan,sensor_msgs/msg/LaserScan,5184,18.694,96912.175,627839.172,18
1770766557.044481,1770766557044440765,/scan,sensor_msgs/msg/LaserScan,5184,36.271,188027.147,627833.420,18
1770766557.079459,1770766557079438126,/scan,sensor_msgs/msg/LaserScan,5184,28.574,148125.454,627834.918,18
1770766557.118166,1770766557118148855,/scan,sensor_msgs/msg/LaserScan,5184,25.833,133916.362,627840.443,18
1770766557.144900,1770766557144878293,/scan,sensor_msgs/msg/LaserScan,5184,37.412,193943.472,627833.845,18
1770766557.182967,1770766557182928779,/scan,sensor_msgs/msg/LaserScan,5184,26.281,136240.047,627838.565,18
1770766557.213840,1770766557213810951,/scan,sensor_msgs/msg/LaserScan,5184,32.381,167863.841,627836.114,18
1770766557.252545,1770766557252504365,/scan,sensor_msgs/msg/LaserScan,5184,25.844,133976.289,627841.480,18
1770766557.288023,1770766557288004682,/scan,sensor_msgs/msg/LaserScan,5184,28.169,146026.865,627843.595,18
1770766557.315512,1770766557315494265,/scan,sensor_msgs/msg/LaserScan,5184,36.377,188580.525,627837.773,18
1770766557.355327,1770766557355277615,/scan,sensor_msgs/msg/LaserScan,5184,25.136,130305.769,627844.244,18
1770766557.390111,1770766557390086928,/scan,sensor_msgs/msg/LaserScan,5184,28.728,148925.663,627845.720,18
1770766557.417151,1770766557417126932,/scan,sensor_msgs/msg/LaserScan,5184,36.982,191715.948,627839.437,18
1770766557.455374,1770766557455355967,/scan,sensor_msgs/msg/LaserScan,5184,26.158,135603.737,627844.337,18
1770766557.484754,1770766557484730337,/scan,sensor_msgs/msg/LaserScan,5184,34.043,176480.381,627840.374,18
1770766557.531538,1770766557531516684,/scan,sensor_msgs/msg/LaserScan,5184,21.374,110801.555,627853.826,18
1770766557.553756,1770766557553719588,/scan,sensor_msgs/msg/LaserScan,5184,45.039,233482.971,627842.701,18
1770766557.583145,1770766557583102862,/scan,sensor_msgs/msg/LaserScan,5184,34.033,176426.902,627838.743,18
1770766557.631058,1770766557631032985,/scan,sensor_msgs/msg/LaserScan,5184,20.864,108157.452,627853.348,18
1770766557.656874,1770766557656851345,/scan,sensor_msgs/msg/LaserScan,5184,38.732,200787.347,627845.832,18
1770766557.701664,1770766557701635243,/scan,sensor_msgs/msg/LaserScan,5184,22.329,115755.891,627857.140,18
1770766557.735055,1770766557735031515,/scan,sensor_msgs/msg/LaserScan,5184,29.943,155226.907,627857.336,18
1770766557.758568,1770766557758529792,/scan,sensor_msgs/msg/LaserScan,5184,42.556,220611.920,627847.503,18
1770766557.799670,1770766557799630676,/scan,sensor_msgs/msg/LaserScan,5184,24.330,126128.674,627855.270,18
1770766557.822243,1770766557822203927,/scan,sensor_msgs/msg/LaserScan,5184,44.300,229652.344,627844.508,18
1770766557.881871,1770766557881849636,/scan,sensor_msgs/msg/LaserScan,5184,16.766,86913.209,627870.819,18
1770766557.898409,1770766557898367589,/scan,sensor_msgs/msg/LaserScan,5184,60.540,313840.341,627854.010,18
1770766557.932509,1770766557932485772,/scan,sensor_msgs/msg/LaserScan,5184,29.310,151942.441,627821.287,18
1770766557.974101,1770766557974059618,/scan,sensor_msgs/msg/LaserScan,5184,24.054,124693.780,627829.684,18
1770766557.997716,1770766557997675454,/scan,sensor_msgs/msg/LaserScan,5184,42.344,219513.720,627819.967,18
1770766558.043822,1770766558043786399,/scan,sensor_msgs/msg/LaserScan,5184,21.687,112424.501,627832.766,18
1770766558.108005,1770766558107965582,/scan,sensor_msgs/msg/LaserScan,5184,15.581,80773.855,627863.612,18
1770766558.163238,1770766558163198149,/scan,sensor_msgs/msg/LaserScan,5184,18.105,93857.669,627885.484,18
1770766558.197199,1770766558197177181,/scan,sensor_msgs/msg/LaserScan,5184,29.430,152564.676,627886.154,18
1770766558.208857,1770766558208843442,/scan,sensor_msgs/msg/LaserScan,5184,85.717,444358.308,627864.486,18
1770766558.243647,1770766558243606767,/scan,sensor_msgs/msg/LaserScan,5184,28.766,149122.675,627865.843,18
1770766558.260281,1770766558260244371,/scan,sensor_msgs/msg/LaserScan,5184,60.105,311583.327,627849.218,18
1770766558.279665,1770766558279648911,/scan,sensor_msgs/msg/LaserScan,5184,51.534,267153.975,627835.288,18
1770766558.308415,1770766558308373980,/scan,sensor_msgs/msg/LaserScan,5184,34.813,180469.540,627830.673,18
1770766558.349021,1770766558349004430,/scan,sensor_msgs/msg/LaserScan,5184,24.612,127589.037,627804.651,18
1770766558.372002,1770766558371961396,/scan,sensor_msgs/msg/LaserScan,5184,43.560,225813.812,627794.278,18
1770766558.386726,1770766558386692585,/scan,sensor_msgs/msg/LaserScan,5184,67.883,351906.421,627775.667,18
1770766558.449975,1770766558449927524,/scan,sensor_msgs/msg/LaserScan,5184,15.814,81979.995,627805.566,19
1770766558.463776,1770766558463758515,/scan,sensor_msgs/msg/LaserScan,5184,72.301,374810.453,627786.066,19
1770766558.520628,1770766558520588130,/scan,sensor_msgs/msg/LaserScan,5184,17.596,91220.044,627809.551,19
1770766558.558325,1770766558558254806,/scan,sensor_msgs/msg/LaserScan,5184,26.549,137628.284,627813.906,19
1770766558.618423,1770766558618395590,/scan,sensor_msgs/msg/LaserScan,5184,16.628,86197.746,627840.704,19
1770766558.644027,1770766558643987678,/scan,sensor_msgs/msg/LaserScan,5184,39.075,202562.605,627832.904,19
1770766558.652458,1770766558652431304,/scan,sensor_msgs/msg/LaserScan,5184,118.433,613954.242,627808.068,19
1770766558.689252,1770766558689212154,/scan,sensor_msgs/msg/LaserScan,5184,27.188,140942.909,627811.517,19
1770766558.713269,1770766558713230145,/scan,sensor_msgs/msg/LaserScan,5184,41.635,215838.202,627802.208,19
1770766558.754399,1770766558754375624,/scan,sensor_msgs/msg/LaserScan,5184,24.304,125991.971,627809.994,19
1770766558.789058,1770766558789036492,/scan,sensor_msgs/msg/LaserScan,5184,28.851,149563.479,627811.329,19
1770766558.816184,1770766558816163922,/scan,sensor_msgs/msg/LaserScan,5184,36.863,191098.088,627805.127,19
1770766558.852721,1770766558852695670,/scan,sensor_msgs/msg/LaserScan,5184,27.373,141903.968,627808.335,19
1770766558.887507,1770766558887488994,/scan,sensor_msgs/msg/LaserScan,5184,28.741,148994.100,627809.805,19
1770766558.932936,1770766558932896328,/scan,sensor_msgs/msg/LaserScan,5184,22.023,114166.579,627821.821,19
1770766558.970040,1770766558970000758,/scan,sensor_msgs/msg/LaserScan,5184,26.951,139713.775,627825.618,19
1770766558.993189,1770766558993149193,/scan,sensor_msgs/msg/LaserScan,5184,43.199,223946.025,627815.437,19
1770766559.034903,1770766559034879524,/scan,sensor_msgs/msg/LaserScan,5184,23.963,124226.189,627823.823,19
1770766559.057827,1770766559057786228,/scan,sensor_msgs/msg/LaserScan,5184,43.655,226309.294,627813.361,19
1770766559.086326,1770766559086275350,/scan,sensor_msgs/msg/LaserScan,5184,35.101,181964.190,627808.565,19
1770766559.133749,1770766559133709948,/scan,sensor_msgs/msg/LaserScan,5184,21.082,109287.318,627822.664,19
1770766559.159860,1770766559159828951,/scan,sensor_msgs/msg/LaserScan,5184,38.286,198476.182,627815.438,19
1770766559.199941,1770766559199917927,/scan,sensor_msgs/msg/LaserScan,5184,24.945,129312.358,627822.206,19
1770766559.223275,1770766559223241976,/scan,sensor_msgs/msg/LaserScan,5184,42.874,222259.866,627812.169,19
1770766559.266332,1770766559266280382,/scan,sensor_msgs/msg/LaserScan,5184,23.235,120450.558,627821.902,19
1770766559.302877,1770766559302836220,/scan,sensor_msgs/msg/LaserScan,5184,27.355,141810.454,627825.105,19
1770766559.326052,1770766559326004977,/scan,sensor_msgs/msg/LaserScan,5184,43.162,223749.595,627814.934,19
1770766559.366363,1770766559366335942,/scan,sensor_msgs/msg/LaserScan,5184,24.795,128536.473,627821.953,19
1770766559.388434,1770766559388390253,/scan,sensor_msgs/msg/LaserScan,5184,45.343,235056.085,627810.670,19
1770766559.451477,1770766559451448559,/scan,sensor_msgs/msg/LaserScan,5184,15.858,82209.630,627840.342,20
1770766559.457716,1770766559457702974,/scan,sensor_msgs/msg/LaserScan,5184,159.887,828854.497,627813.305,20
1770766559.500073,1770766559500041116,/scan,sensor_msgs/msg/LaserScan,5184,23.619,122442.785,627822.316,20
1770766559.596852,1770766559596795336,/scan,sensor_msgs/msg/LaserScan,5184,10.335,53579.058,627885.747,22
1770766559.613021,1770766559612979348,/scan,sensor_msgs/msg/LaserScan,5184,61.789,320316.124,627868.569,22
1770766559.626107,1770766559626089120,/scan,sensor_msgs/msg/LaserScan,5184,76.279,395430.218,627848.353,22
1770766559.694857,1770766559694814579,/scan,sensor_msgs/msg/LaserScan,5184,14.551,75430.562,627883.645,23
1770766559.708861,1770766559708845229,/scan,sensor_msgs/msg/LaserScan,5184,71.273,369476.824,627864.443,23
1770766559.724867,1770766559724846323,/scan,sensor_msgs/msg/LaserScan,5184,62.496,323977.848,627847.119,23
1770766559.763709,1770766559763680488,/scan,sensor_msgs/msg/LaserScan,5184,25.751,133490.703,627852.617,23
1770766559.775398,1770766559775380820,/scan,sensor_msgs/msg/LaserScan,5184,85.468,443064.351,627830.963,23
1770766559.815239,1770766559815220016,/scan,sensor_msgs/msg/LaserScan,5184,25.101,130123.108,627804.148,23
1770766559.842932,1770766559842893930,/scan,sensor_msgs/msg/LaserScan,5184,36.135,187324.424,627798.498,23
1770766559.877702,1770766559877663499,/scan,sensor_msgs/msg/LaserScan,5184,28.761,149095.895,627799.930,23
1770766559.938372,1770766559938345933,/scan,sensor_msgs/msg/LaserScan,5184,16.479,85428.347,627827.280,23
1770766559.964136,1770766559964096253,/scan,sensor_msgs/msg/LaserScan,5184,38.834,201317.887,627819.708,23
1770766559.981126,1770766559981085988,/scan,sensor_msgs/msg/LaserScan,5184,58.859,305125.418,627803.369,23
1770766560.045395,1770766560045354304,/scan,sensor_msgs/msg/LaserScan,5184,15.560,80661.830,627834.289,24
1770766560.050279,1770766560050262549,/scan,sensor_msgs/msg/LaserScan,5184,203.739,1056181.996,627805.884,24
1770766560.091049,1770766560091009666,/scan,sensor_msgs/msg/LaserScan,5184,24.542,127223.725,627813.296,24
1770766560.119650,1770766560119609768,/scan,sensor_msgs/msg/LaserScan,5184,34.965,181258.095,627808.565,24
1770766560.157900,1770766560157882671,/scan,sensor_msgs/msg/LaserScan,5184,26.128,135448.309,627813.493,24
1770766560.188832,1770766560188790918,/scan,sensor_msgs/msg/LaserScan,5184,32.354,167722.226,627811.002,24
1770766560.223657,1770766560223616532,/scan,sensor_msgs/msg/LaserScan,5184,28.714,148855.954,627812.559,24
1770766560.252243,1770766560252203152,/scan,sensor_msgs/msg/LaserScan,5184,34.981,181343.580,627807.798,24
1770766560.289220,1770766560289178786,/scan,sensor_msgs/msg/LaserScan,5184,27.045,140200.436,627811.469,24
1770766560.323592,1770766560323552435,/scan,sensor_msgs/msg/LaserScan,5184,29.092,150813.200,627812.504,24
1770766560.366948,1770766560366908489,/scan,sensor_msgs/msg/LaserScan,5184,23.065,119568.077,627822.515,24
1770766560.391666,1770766560391626942,/scan,sensor_msgs/msg/LaserScan,5184,40.456,209721.862,627813.905,24
1770766560.431569,1770766560431551934,/scan,sensor_msgs/msg/LaserScan,5184,25.047,129843.482,627820.421,24
1770766560.454719,1770766560454697578,/scan,sensor_msgs/msg/LaserScan,5184,43.205,223973.029,627810.305,24
1770766560.498146,1770766560498127785,/scan,sensor_msgs/msg/LaserScan,5184,23.025,119363.926,627820.417,24
1770766560.534689,1770766560534652378,/scan,sensor_msgs/msg/LaserScan,5184,27.379,141931.766,627823.595,24
1770766560.555779,1770766560555758338,/scan,sensor_msgs/msg/LaserScan,5184,47.380,245617.825,627811.374,24
1770766560.590752,1770766560590712046,/scan,sensor_msgs/msg/LaserScan,5184,28.609,148310.445,627812.996,24
1770766560.626763,1770766560626737858,/scan,sensor_msgs/msg/LaserScan,5184,27.758,143896.826,627815.667,24
1770766560.668610,1770766560668571904,/scan,sensor_msgs/msg/LaserScan,5184,23.904,123918.208,627824.193,24
1770766560.698281,1770766560698240904,/scan,sensor_msgs/msg/LaserScan,5184,33.705,174727.830,627820.517,24
1770766560.730889,1770766560730848852,/scan,sensor_msgs/msg/LaserScan,5184,30.667,158979.645,627819.758,24
1770766560.767664,1770766560767633944,/scan,sensor_msgs/msg/LaserScan,5184,27.185,140926.656,627823.237,24
1770766560.790780,1770766560790746643,/scan,sensor_msgs/msg/LaserScan,5184,43.266,224292.282,627813.019,24
1770766560.833886,1770766560833843076,/scan,sensor_msgs/msg/LaserScan,5184,23.204,120288.377,627822.793,24
1770766560.873487,1770766560873451922,/scan,sensor_msgs/msg/LaserScan,5184,25.247,130879.854,627829.055,24
1770766560.894693,1770766560894649496,/scan,sensor_msgs/msg/LaserScan,5184,47.175,244556.287,627816.930,24
1770766560.945019,1770766560945003469,/scan,sensor_msgs/msg/LaserScan,5184,19.859,102951.161,627833.951,24
1770766560.971233,1770766560971210379,/scan,sensor_msgs/msg/LaserScan,5184,38.158,197810.425,627826.810,24
1770766561.012668,1770766561012628346,/scan,sensor_msgs/msg/LaserScan,5184,24.144,125163.072,627834.910,24
1770766561.060350,1770766561060329786,/scan,sensor_msgs/msg/LaserScan,5184,20.964,108675.964,627849.268,24
1770766561.071855,1770766561071814777,/scan,sensor_msgs/msg/LaserScan,5184,87.070,451371.708,627827.429,24
1770766561.113099,1770766561113070603,/scan,sensor_msgs/msg/LaserScan,5184,24.239,125654.980,627835.343,24
1770766561.128930,1770766561128889626,/scan,sensor_msgs/msg/LaserScan,5184,63.215,327706.711,627817.784,24
1770766561.182939,1770766561182918123,/scan,sensor_msgs/msg/LaserScan,5184,18.509,95949.365,627838.526,24
1770766561.228755,1770766561228714300,/scan,sensor_msgs/msg/LaserScan,5184,21.836,113197.222,627850.996,24
1770766561.239258,1770766561239218182,/scan,sensor_msgs/msg/LaserScan,5184,95.203,493531.820,627828.175,24
1770766561.309281,1770766561309259493,/scan,sensor_msgs/msg/LaserScan,5184,14.277,74013.463,627864.880,25
1770766561.326573,1770766561326548739,/scan,sensor_msgs/msg/LaserScan,5184,57.839,299839.565,627848.840,25
1770766561.340388,1770766561340367248,/scan,sensor_msgs/msg/LaserScan,5184,72.367,375149.012,627829.201,25
1770766561.388862,1770766561388845502,/scan,sensor_msgs/msg/LaserScan,5184,20.628,106934.544,627844.468,25
1770766561.415193,1770766561415170328,/scan,sensor_msgs/msg/LaserScan,5184,37.987,196924.379,627837.399,25
1770766561.457387,1770766561457367723,/scan,sensor_msgs/msg/LaserScan,5184,23.698,122851.185,627846.322,25
1770766561.487614,1770766561487592293,/scan,sensor_msgs/msg/LaserScan,5184,33.086,171516.088,627843.203,25
1770766561.517643,1770766561517619627,/scan,sensor_msgs/msg/LaserScan,5184,33.303,172642.699,627839.910,25
1770766561.554660,1770766561554634237,/scan,sensor_msgs/msg/LaserScan,5184,27.016,140052.806,627843.592,25
1770766561.585349,1770766561585326062,/scan,sensor_msgs/msg/LaserScan,5184,32.582,168904.912,627840.933,25
1770766561.623507,1770766561623480961,/scan,sensor_msgs/msg/LaserScan,5184,26.209,135867.219,627845.707,25
1770766561.655087,1770766561655067511,/scan,sensor_msgs/msg/LaserScan,5184,31.659,164120.488,627844.013,25
1770766561.686426,1770766561686408669,/scan,sensor_msgs/msg/LaserScan,5184,31.907,165405.503,627842.029,25
1770766561.724482,1770766561724461258,/scan,sensor_msgs/msg/LaserScan,5184,26.279,136232.518,627846.740,25
1770766561.752361,1770766561752327560,/scan,sensor_msgs/msg/LaserScan,5184,35.886,186031.143,627841.276,25
1770766561.790887,1770766561790847173,/scan,sensor_msgs/msg/LaserScan,5184,25.961,134580.791,627846.460,25
1770766561.824538,1770766561824514606,/scan,sensor_msgs/msg/LaserScan,5184,29.702,153976.693,627846.806,25
1770766561.868782,1770766561868741739,/scan,sensor_msgs/msg/LaserScan,5184,22.611,117213.114,627857.673,25
1770766561.904826,1770766561904785656,/scan,sensor_msgs/msg/LaserScan,5184,27.744,143824.546,627860.406,25
1770766561.927638,1770766561927597927,/scan,sensor_msgs/msg/LaserScan,5184,43.836,227246.117,627849.879,25
1770766561.968583,1770766561968558473,/scan,sensor_msgs/msg/LaserScan,5184,24.414,126560.813,627857.509,25
1770766561.990019,1770766561989997603,/scan,sensor_msgs/msg/LaserScan,5184,46.644,241800.857,627845.613,25
1770766562.033708,1770766562033667027,/scan,sensor_msgs/msg/LaserScan,5184,22.899,118710.061,627855.930,25
1770766562.068186,1770766562068162161,/scan,sensor_msgs/msg/LaserScan,5184,28.990,150282.066,627857.118,25
1770766562.089020,1770766562088978252,/scan,sensor_msgs/msg/LaserScan,5184,48.040,249038.112,627844.595,25
1770766562.130367,1770766562130350055,/scan,sensor_msgs/msg/LaserScan,5184,24.171,125302.733,627819.305,25
1770766562.153023,1770766562152998793,/scan,sensor_msgs/msg/LaserScan,5184,44.153,228886.925,627775.269,25
1770766562.205914,1770766562205901383,/scan,sensor_msgs/msg/LaserScan,5184,18.903,97991.422,627794.832,25
1770766562.244765,1770766562244743950,/scan,sensor_msgs/msg/LaserScan,5184,25.745,133461.828,627800.357,25
1770766562.289378,1770766562289358906,/scan,sensor_msgs/msg/LaserScan,5184,22.414,116194.220,627811.622,25
1770766562.330361,1770766562330343589,/scan,sensor_msgs/msg/LaserScan,5184,24.399,126486.278,627819.284,25
1770766562.364834,1770766562364793513,/scan,sensor_msgs/msg/LaserScan,5184,29.028,150479.287,627820.399,25
1770766562.382681,1770766562382638317,/scan,sensor_msgs/msg/LaserScan,5184,56.039,290504.732,627804.916,25
1770766562.430134,1770766562430116805,/scan,sensor_msgs/msg/LaserScan,5184,21.062,109186.291,627819.056,25
1770766562.480840,1770766562480823262,/scan,sensor_msgs/msg/LaserScan,5184,19.721,102235.500,627836.440,25
1770766562.481183,1770766562481176008,/scan,sensor_msgs/msg/LaserScan,5184,2834.901,14696126.958,627803.459,25
1770766562.508803,1770766562508762442,/scan,sensor_msgs/msg/LaserScan,5184,36.250,187918.453,627797.699,25
1770766562.530827,1770766562530808235,/scan,sensor_msgs/msg/LaserScan,5184,45.360,235146.905,627786.419,25
1770766562.580357,1770766562580315261,/scan,sensor_msgs/msg/LaserScan,5184,20.199,104712.410,627802.591,25
1770766562.593160,1770766562593140865,/scan,sensor_msgs/msg/LaserScan,5184,77.969,404191.491,627782.077,25
1770766562.641060,1770766562641041577,/scan,sensor_msgs/msg/LaserScan,5184,20.877,108223.861,627796.654,25
1770766562.687727,1770766562687684858,/scan,sensor_msgs/msg/LaserScan,5184,21.439,111141.410,627809.961,25
1770766562.701971,1770766562701931465,/scan,sensor_msgs/msg/LaserScan,5184,70.192,363876.115,627790.888,25
1770766562.749034,1770766562748996849,/scan,sensor_msgs/msg/LaserScan,5184,21.247,110144.645,627804.580,25
1770766562.780640,1770766562780619293,/scan,sensor_msgs/msg/LaserScan,5184,31.623,163934.198,627802.910,25
1770766562.814779,1770766562814739828,/scan,sensor_msgs/msg/LaserScan,5184,29.308,151931.967,627803.695,25
1770766562.856869,1770766562856849437,/scan,sensor_msgs/msg/LaserScan,5184,23.748,123107.294,627812.467,25
1770766562.870024,1770766562869984557,/scan,sensor_msgs/msg/LaserScan,5184,76.132,394667.121,627792.265,25
1770766562.919869,1770766562919837531,/scan,sensor_msgs/msg/LaserScan,5184,20.059,103985.772,627808.780,25
1770766562.955232,1770766562955208683,/scan,sensor_msgs/msg/LaserScan,5184,28.272,146560.112,627810.812,25
1770766563.029845,1770766563029805055,/scan,sensor_msgs/msg/LaserScan,5184,13.405,69493.996,627852.095,26
1770766563.077435,1770766563077394626,/scan,sensor_msgs/msg/LaserScan,5184,21.013,108931.430,627866.345,26
1770766563.100506,1770766563100467173,/scan,sensor_msgs/msg/LaserScan,5184,43.342,224682.607,627856.073,26
1770766563.120247,1770766563120226607,/scan,sensor_msgs/msg/LaserScan,5184,50.609,262355.693,627842.518,26
1770766563.147994,1770766563147955844,/scan,sensor_msgs/msg/LaserScan,5184,36.063,186950.690,627836.899,26
1770766563.176100,1770766563176060450,/scan,sensor_msgs/msg/LaserScan,5184,35.581,184453.751,627831.677,26
1770766563.186450,1770766563186410545,/scan,sensor_msgs/msg/LaserScan,5184,96.617,500864.968,627808.656,26
1770766563.231217,1770766563231176636,/scan,sensor_msgs/msg/LaserScan,5184,22.338,115801.936,627820.134,26
1770766563.266746,1770766563266730681,/scan,sensor_msgs/msg/LaserScan,5184,28.126,145806.194,627822.353,26
1770766563.288641,1770766563288598676,/scan,sensor_msgs/msg/LaserScan,5184,45.729,237058.770,627810.881,26
1770766563.332861,1770766563332839052,/scan,sensor_msgs/msg/LaserScan,5184,22.604,117178.028,627821.775,26
1770766563.382173,1770766563382148395,/scan,sensor_msgs/msg/LaserScan,5184,20.280,105132.206,627837.773,26
1770766563.396668,1770766563396644238,/scan,sensor_msgs/msg/LaserScan,5184,68.985,357619.767,627818.926,26
1770766563.450880,1770766563450840975,/scan,sensor_msgs/msg/LaserScan,5184,18.451,95651.515,627839.795,26
1770766563.463872,1770766563463855250,/scan,sensor_msgs/msg/LaserScan,5184,76.839,398331.832,627819.473,26
1770766563.498988,1770766563498947061,/scan,sensor_msgs/msg/LaserScan,5184,28.497,147726.773,627821.233,26
1770766563.542904,1770766563542883666,/scan,sensor_msgs/msg/LaserScan,5184,22.760,117988.179,627831.843,26
1770766563.563404,1770766563563385005,/scan,sensor_msgs/msg/LaserScan,5184,48.777,252861.533,627819.001,26
1770766563.606622,1770766563606582971,/scan,sensor_msgs/msg/LaserScan,5184,23.149,120005.650,627828.857,26
1770766563.655455,1770766563655416463,/scan,sensor_msgs/msg/LaserScan,5184,20.478,106156.652,627844.372,26
1770766563.660967,1770766563660930327,/scan,sensor_msgs/msg/LaserScan,5184,181.361,940175.528,627816.498,26
1770766563.710531,1770766563710503086,/scan,sensor_msgs/msg/LaserScan,5184,20.172,104573.562,627832.785,26
1770766563.741028,1770766563741003561,/scan,sensor_msgs/msg/LaserScan,5184,32.786,169964.566,627829.936,26
1770766563.770361,1770766563770334443,/scan,sensor_msgs/msg/LaserScan,5184,34.094,176742.043,627825.918,26
1770766563.834432,1770766563834416468,/scan,sensor_msgs/msg/LaserScan,5184,15.605,80896.320,627823.344,27
1770766563.877847,1770766563877826884,/scan,sensor_msgs/msg/LaserScan,5184,23.036,119418.344,627833.434,27
1770766563.926024,1770766563925984840,/scan,sensor_msgs/msg/LaserScan,5184,20.765,107645.765,627848.257,27
1770766563.931198,1770766563931159228,/scan,sensor_msgs/msg/LaserScan,5184,193.260,1001857.611,627820.097,27
1770766563.980636,1770766563980597415,/scan,sensor_msgs/msg/LaserScan,5184,20.227,104858.214,627836.205,27
1770766564.016978,1770766564016937196,/scan,sensor_msgs/msg/LaserScan,5184,27.518,142653.584,627839.210,27
1770766564.050887,1770766564050847358,/scan,sensor_msgs/msg/LaserScan,5184,29.490,152874.528,627839.644,27
1770766564.091106,1770766564091090627,/scan,sensor_msgs/msg/LaserScan,5184,24.849,128816.573,627846.706,27
1770766564.108192,1770766564108173911,/scan,sensor_msgs/msg/LaserScan,5184,58.537,303454.535,627830.447,27
1770766564.149405,1770766564149382088,/scan,sensor_msgs/msg/LaserScan,5184,24.267,125800.275,627838.336,27
1770766564.183280,1770766564183259720,/scan,sensor_msgs/msg/LaserScan,5184,29.518,153021.321,627838.885,27
1770766564.216450,1770766564216423801,/scan,sensor_msgs/msg/LaserScan,5184,30.153,156313.694,627838.708,27
1770766564.249048,1770766564249034055,/scan,sensor_msgs/msg/LaserScan,5184,30.665,158968.403,627837.959,27
1770766564.276129,1770766564276113253,/scan,sensor_msgs/msg/LaserScan,5184,36.929,191438.461,627831.731,27
1770766564.318245,1770766564318221785,/scan,sensor_msgs/msg/LaserScan,5184,23.748,123110.442,627840.505,27
1770766564.348307,1770766564348257366,/scan,sensor_msgs/msg/LaserScan,5184,33.294,172595.296,627837.213,27
1770766564.381510,1770766564381468943,/scan,sensor_msgs/msg/LaserScan,5184,30.110,156090.149,627837.089,27
1770766564.421513,1770766564421476791,/scan,sensor_msgs/msg/LaserScan,5184,24.995,129574.577,627843.770,27
1770766564.447151,1770766564447119749,/scan,sensor_msgs/msg/LaserScan,5184,38.997,202160.765,627836.055,27
1770766564.488016,1770766564487988350,/scan,sensor_msgs/msg/LaserScan,5184,24.469,126845.546,627843.614,27
1770766564.521978,1770766564521934091,/scan,sensor_msgs/msg/LaserScan,5184,29.459,152714.298,627844.218,27
1770766564.556337,1770766564556312296,/scan,sensor_msgs/msg/LaserScan,5184,29.088,150793.213,627845.238,27
1770766564.586012,1770766564585982179,/scan,sensor_msgs/msg/LaserScan,5184,33.704,174722.630,627841.602,27
1770766564.632321,1770766564632271354,/scan,sensor_msgs/msg/LaserScan,5184,21.603,111991.627,627854.553,27
1770766564.642257,1770766564642236306,/scan,sensor_msgs/msg/LaserScan,5184,100.352,520223.279,627831.177,27
1770766564.688805,1770766564688771131,/scan,sensor_msgs/msg/LaserScan,5184,21.489,111400.440,627844.387,27
1770766564.716261,1770766564716232863,/scan,sensor_msgs/msg/LaserScan,5184,36.414,188771.779,627838.510,27
1770766564.758034,1770766564757994864,/scan,sensor_msgs/msg/LaserScan,5184,23.945,124131.983,627846.954,27
1770766564.792507,1770766564792480962,/scan,sensor_msgs/msg/LaserScan,5184,28.997,150321.443,627848.101,27
1770766564.817562,1770766564817542605,/scan,sensor_msgs/msg/LaserScan,5184,39.902,206849.966,627839.826,27
1770766564.857111,1770766564857085749,/scan,sensor_msgs/msg/LaserScan,5184,25.289,131097.315,627846.039,27
1770766564.890178,1770766564890148482,/scan,sensor_msgs/msg/LaserScan,5184,30.246,156792.846,627845.767,27
1770766564.931460,1770766564931429785,/scan,sensor_msgs/msg/LaserScan,5184,24.224,125577.432,627853.717,27
1770766564.955570,1770766564955547159,/scan,sensor_msgs/msg/LaserScan,5184,41.464,214948.775,627844.504,27
1770766565.002175,1770766565002136706,/scan,sensor_msgs/msg/LaserScan,5184,21.464,111269.594,627857.759,27
1770766565.034876,1770766565034853171,/scan,sensor_msgs/msg/LaserScan,5184,30.566,158452.327,627857.144,27
1770766565.057974,1770766565057946713,/scan,sensor_msgs/msg/LaserScan,5184,43.302,224478.341,627846.905,27
1770766565.107493,1770766565107453498,/scan,sensor_msgs/msg/LaserScan,5184,20.199,104712.920,627863.075,27
1770766565.120424,1770766565120375212,/scan,sensor_msgs/msg/LaserScan,5184,77.389,401185.168,627842.667,27
1770766565.166132,1770766565166090428,/scan,sensor_msgs/msg/LaserScan,5184,21.875,113397.692,627855.039,27
1770766565.200836,1770766565200796168,/scan,sensor_msgs/msg/LaserScan,5184,28.814,149370.104,627856.413,27
1770766565.225029,1770766565225011570,/scan,sensor_msgs/msg/LaserScan,5184,41.296,214078.626,627847.285,27
1770766565.267131,1770766565267113516,/scan,sensor_msgs/msg/LaserScan,5184,23.752,123129.700,627822.739,27
1770766565.287377,1770766565287360931,/scan,sensor_msgs/msg/LaserScan,5184,49.389,256032.684,627809.641,27
1770766565.331256,1770766565331232443,/scan,sensor_msgs/msg/LaserScan,5184,22.794,118163.240,627820.180,27
1770766565.363655,1770766565363614563,/scan,sensor_msgs/msg/LaserScan,5184,30.881,160088.345,627819.229,27
1770766565.398758,1770766565398718287,/scan,sensor_msgs/msg/LaserScan,5184,28.487,147676.640,627820.993,27
1770766565.450687,1770766565450661016,/scan,sensor_msgs/msg/LaserScan,5184,19.252,99802.226,627839.607,27
1770766565.464594,1770766565464562522,/scan,sensor_msgs/msg/LaserScan,5184,71.935,372909.237,627820.180,27
1770766565.501221,1770766565501195098,/scan,sensor_msgs/msg/LaserScan,5184,27.298,141513.390,627823.474,27
1770766565.556743,1770766565556707568,/scan,sensor_msgs/msg/LaserScan,5184,18.014,93384.423,627845.661,27
1770766565.571136,1770766565571114748,/scan,sensor_msgs/msg/LaserScan,5184,69.410,359820.589,627826.736,27
1770766565.617814,1770766565617781550,/scan,sensor_msgs/msg/LaserScan,5184,21.429,111085.392,627840.064,27
1770766565.624588,1770766565624558679,/scan,sensor_msgs/msg/LaserScan,5184,147.555,764925.679,627813.512,27
1770766565.665446,1770766565665415592,/scan,sensor_msgs/msg/LaserScan,5184,24.476,126881.833,627821.031,27
1770766565.723345,1770766565723323463,/scan,sensor_msgs/msg/LaserScan,5184,17.269,89521.509,627845.608,27
1770766565.741760,1770766565741720357,/scan,sensor_msgs/msg/LaserScan,5184,54.357,281786.697,627830.670,27
1770766565.779436,1770766565779396875,/scan,sensor_msgs/msg/LaserScan,5184,26.542,137592.333,627835.014,27
1770766565.826102,1770766565826062356,/scan,sensor_msgs/msg/LaserScan,5184,21.429,111088.537,627848.349,27
1770766565.842478,1770766565842450699,/scan,sensor_msgs/msg/LaserScan,5184,61.019,316322.401,627831.399,27
1770766565.882268,1770766565882246753,/scan,sensor_msgs/msg/LaserScan,5184,25.128,130264.171,627837.851,27
1770766565.912245,1770766565912205248,/scan,sensor_msgs/msg/LaserScan,5184,33.380,173039.400,627834.491,27
1770766565.950372,1770766565950353145,/scan,sensor_msgs/msg/LaserScan,5184,26.214,135892.157,627839.311,27
1770766565.988376,1770766565988334660,/scan,sensor_msgs/msg/LaserScan,5184,26.329,136487.447,627843.955,27
1770766566.016871,1770766566016832371,/scan,sensor_msgs/msg/LaserScan,5184,35.091,181909.347,627839.123,27
1770766566.049699,1770766566049659938,/scan,sensor_msgs/msg/LaserScan,5184,30.462,157916.059,627838.620,27
1770766566.087598,1770766566087556492,/scan,sensor_msgs/msg/LaserScan,5184,26.388,136793.440,627843.179,27
1770766566.124988,1770766566124946831,/scan,sensor_msgs/msg/LaserScan,5184,26.745,138645.440,627847.236,27
1770766566.151606,1770766566151564566,/scan,sensor_msgs/msg/LaserScan,5184,37.569,194757.368,627840.521,27
1770766566.184908,1770766566184892427,/scan,sensor_msgs/msg/LaserScan,5184,30.005,155545.536,627840.513,27
1770766566.224012,1770766566223972643,/scan,sensor_msgs/msg/LaserScan,5184,25.588,132650.239,627846.262,27
1770766566.258103,1770766566258071710,/scan,sensor_msgs/msg/LaserScan,5184,29.326,152027.620,627847.022,27
1770766566.285156,1770766566285138434,/scan,sensor_msgs/msg/LaserScan,5184,36.946,191526.688,627840.764,27
1770766566.333600,1770766566333559986,/scan,sensor_msgs/msg/LaserScan,5184,20.652,107059.765,627855.845,27
1770766566.361242,1770766566361222056,/scan,sensor_msgs/msg/LaserScan,5184,36.151,187404.630,627850.142,27
1770766566.415593,1770766566415552948,/scan,sensor_msgs/msg/LaserScan,5184,18.406,95415.330,627871.155,27
1770766566.430087,1770766566430069524,/scan,sensor_msgs/msg/LaserScan,5184,68.887,357109.004,627852.357,27
1770766566.467474,1770766566467455401,/scan,sensor_msgs/msg/LaserScan,5184,26.748,138661.987,627856.402,27
1770766566.501947,1770766566501907941,/scan,sensor_msgs/msg/LaserScan,5184,29.025,150467.861,627857.525,27
1770766566.566115,1770766566566093893,/scan,sensor_msgs/msg/LaserScan,5184,15.580,80765.336,627888.373,27
1770766566.587796,1770766566587757345,/scan,sensor_msgs/msg/LaserScan,5184,46.161,239297.043,627876.715,27
1770766566.608694,1770766566608650246,/scan,sensor_msgs/msg/LaserScan,5184,47.863,248122.556,627864.279,27
1770766566.637002,1770766566636983079,/scan,sensor_msgs/msg/LaserScan,5184,35.295,182967.937,627825.922,27
1770766566.687615,1770766566687574854,/scan,sensor_msgs/msg/LaserScan,5184,19.766,102467.249,627843.191,27
1770766566.692271,1770766566692232969,/scan,sensor_msgs/msg/LaserScan,5184,214.679,1112896.526,627814.511,27
1770766566.739106,1770766566739066154,/scan,sensor_msgs/msg/LaserScan,5184,21.352,110690.742,627828.016,27
1770766566.763680,1770766566763639420,/scan,sensor_msgs/msg/LaserScan,5184,40.695,210960.969,627819.242,27
1770766566.800505,1770766566800464622,/scan,sensor_msgs/msg/LaserScan,5184,27.155,140773.159,627789.422,27
1770766566.855137,1770766566855098491,/scan,sensor_msgs/msg/LaserScan,5184,18.304,94886.196,627810.718,27
1770766566.870788,1770766566870746957,/scan,sensor_msgs/msg/LaserScan,5184,63.904,331278.478,627793.037,27
1770766566.906451,1770766566906424271,/scan,sensor_msgs/msg/LaserScan,5184,28.029,145302.418,627795.375,27
1770766566.956544,1770766566956533089,/scan,sensor_msgs/msg/LaserScan,5184,19.957,103454.845,627812.150,27
1770766566.961866,1770766566961827271,/scan,sensor_msgs/msg/LaserScan,5184,188.887,979188.097,627784.114,27
1770766567.013850,1770766567013809948,/scan,sensor_msgs/msg/LaserScan,5184,19.237,99725.530,627802.770,27
1770766567.040805,1770766567040763011,/scan,sensor_msgs/msg/LaserScan,5184,37.102,192334.355,627796.368,27
1770766567.077984,1770766567077966636,/scan,sensor_msgs/msg/LaserScan,5184,26.879,139341.260,627800.251,27
1770766567.127114,1770766567127092781,/scan,sensor_msgs/msg/LaserScan,5184,20.356,105524.258,627816.046,27
1770766567.144319,1770766567144301973,/scan,sensor_msgs/msg/LaserScan,5184,58.108,301234.364,627799.784,27
1770766567.179543,1770766567179523060,/scan,sensor_msgs/msg/LaserScan,5184,28.392,147184.555,627801.664,27
1770766567.227654,1770766567227631509,/scan,sensor_msgs/msg/LaserScan,5184,20.786,107756.540,627816.446,27
1770766567.244299,1770766567244261962,/scan,sensor_msgs/msg/LaserScan,5184,60.131,311717.306,627799.747,27
1770766567.284625,1770766567284581759,/scan,sensor_msgs/msg/LaserScan,5184,24.802,128572.076,627806.720,27
1770766567.311474,1770766567311434130,/scan,sensor_msgs/msg/LaserScan,5184,37.241,193055.578,627800.242,27
1770766567.350568,1770766567350528005,/scan,sensor_msgs/msg/LaserScan,5184,25.579,132603.893,627806.006,27
1770766567.396030,1770766567395990823,/scan,sensor_msgs/msg/LaserScan,5184,21.996,114027.247,627818.121,27
1770766567.411906,1770766567411867676,/scan,sensor_msgs/msg/LaserScan,5184,62.985,326513.069,627800.678,27
1770766567.453873,1770766567453850474,/scan,sensor_msgs/msg/LaserScan,5184,23.819,123479.145,627809.330,27
1770766567.484133,1770766567484093138,/scan,sensor_msgs/msg/LaserScan,5184,33.066,171413.471,627806.161,27
1770766567.523851,1770766567523807958,/scan,sensor_msgs/msg/LaserScan,5184,25.180,130530.618,627812.624,27
1770766567.552123,1770766567552101611,/scan,sensor_msgs/msg/LaserScan,5184,35.344,183221.304,627807.576,27
1770766567.590135,1770766567590092855,/scan,sensor_msgs/msg/LaserScan,5184,26.322,136452.494,627812.225,27
1770766567.621137,1770766567621110043,/scan,sensor_msgs/msg/LaserScan,5184,32.240,167133.139,627809.875,27
1770766567.658981,1770766567658938487,/scan,sensor_msgs/msg/LaserScan,5184,26.435,137039.737,627814.407,27
1770766567.681318,1770766567681272101,/scan,sensor_msgs/msg/LaserScan,5184,44.776,232116.486,627803.402,27
1770766567.732946,1770766567732922482,/scan,sensor_msgs/msg/LaserScan,5184,19.361,100367.120,627821.720,27
1770766567.753104,1770766567753066621,/scan,sensor_msgs/msg/LaserScan,5184,49.642,257345.325,627808.525,27

SUMMARY
topic,type,msg_count,estimated_missed,duration_s,avg_freq_hz,avg_bandwidth_Bps,latency_avg_ms,latency_std_ms,latency_min_ms,latency_max_ms
/events/write_split,rosbag2_interfaces/msg/WriteSplitEvent,0,0,0.000,0.000,0.000,,,,
/parameter_events,rcl_interfaces/msg/ParameterEvent,0,0,0.000,0.000,0.000,,,,
/rosout,rcl_interfaces/msg/Log,1,0,0.000,0.000,0.000,0.932,0.000,0.932,0.932
/scan,sensor_msgs/msg/LaserScan,884,27,30.203,29.268,151726.484,627828.459,20.582,627774.725,627906.139

OVERALL,,885,27,33.297,26.579,137640.270
